-- phpMyAdmin SQL Dump
-- version 5.2.3
-- https://www.phpmyadmin.net/
--
-- Host: localhost
-- Waktu pembuatan: 09 Mar 2026 pada 06.48
-- Versi server: 8.0.45-0ubuntu0.24.04.1
-- Versi PHP: 8.3.6

SET SQL_MODE = "NO_AUTO_VALUE_ON_ZERO";
START TRANSACTION;
SET time_zone = "+00:00";


/*!40101 SET @OLD_CHARACTER_SET_CLIENT=@@CHARACTER_SET_CLIENT */;
/*!40101 SET @OLD_CHARACTER_SET_RESULTS=@@CHARACTER_SET_RESULTS */;
/*!40101 SET @OLD_COLLATION_CONNECTION=@@COLLATION_CONNECTION */;
/*!40101 SET NAMES utf8mb4 */;

--
-- Basis data: `cafe-1`
--

-- --------------------------------------------------------

--
-- Struktur dari tabel `admins`
--

CREATE TABLE `admins` (
  `id` int NOT NULL,
  `cafe_id` int NOT NULL,
  `username` varchar(50) COLLATE utf8mb4_general_ci NOT NULL,
  `email` varchar(255) COLLATE utf8mb4_general_ci NOT NULL,
  `password` varchar(255) COLLATE utf8mb4_general_ci NOT NULL,
  `created_at` timestamp NOT NULL DEFAULT CURRENT_TIMESTAMP
) ENGINE=InnoDB DEFAULT CHARSET=utf8mb4 COLLATE=utf8mb4_general_ci;

--
-- Dumping data untuk tabel `admins`
--

INSERT INTO `admins` (`id`, `cafe_id`, `username`, `email`, `password`, `created_at`) VALUES
(2, 16, 'Mahesaa', 'mahesa@gamil.com', '$2b$10$Z.LSqPX6QUoY8nh/nvURN.xqvxi19fBbRnoOnFhqhXq/jG917tp.y', '2026-02-25 03:26:39'),
(3, 17, 'adyaahmadp@gmail.com', 'adyaahmadp@gmail.com', '$2b$10$Chte1I4x0BNJJfSbHyMl5eWND82pGfNl/fvriBoIdFgfkH8guXcwy', '2026-02-25 03:43:24'),
(4, 19, 'admin1@gmail.com', 'admin1@gmail.com', '$2b$10$XXNE60tIWUlkbnXuyz1zjut.VfQyRwLXTla5TbZx8WOOAnu.2Xd42', '2026-02-26 04:02:36'),
(5, 20, 'rahadi', 'admin@gmail.com', '$2b$10$UQCP5j3SC2hXCb/.MHB8SOFTiDaIeuXzBzrCXBIpm4nr0CLe4p9yG', '2026-02-27 06:49:05'),
(8, 27, 'admin12@gmail.com', 'admin12@gmail.com', '$2b$10$e7TyX3WHljQTRF26dtfhEO2M3Y5LJIqtMdOkCGwNvL4n/59OT02uG', '2026-02-28 02:23:21'),
(9, 28, 'y@gmail.com', 'y@gmail.com', '$2b$10$iSyOYl49P7UbV3CsgbTxEuM.drGmBUJlEQ/OpLfs7/BkpVKYyMPTK', '2026-03-02 04:05:37'),
(10, 29, 'Day Caffe & Resto', 'daycafferesto@gmail.com', '$2b$10$UFuvrUdKCPz5fZKDUFBNzezoAc4w.Hu0VRrV5DjIOdJdsOGQOHtjy', '2026-03-04 03:45:30'),
(11, 30, 'Cape', 'cafe@gmail.com', '$2b$10$iOsoRU.VSJlrkzUINTKciOlX.Mb2qL/ejAIMFKcTtSRQSwsa.3PKG', '2026-03-07 07:32:43'),
(14, 35, 'Cape ah', 'mycafe@gmail.com', '$2b$10$XwIyrU.CFRcrQqKGOVDVEOqxFLhfHvr7ccvnmkSTIVQQllwPhZWX2', '2026-03-07 07:36:44'),
(15, 36, 'Rah', 'rahadi@gmail.com', '$2b$10$hSdp/BSmruSUpGMrw2l96e471erZTmHcNPRrERcXNNrCS5naJ6gYu', '2026-03-09 02:30:17'),
(16, 37, 'A', 'A@gmail.com', '$2b$10$m7IXAenuCOfIbeM/dj6fFeKaY9vfiNKhb5lBlm.h6NqyJlymkELrS', '2026-03-09 04:11:39'),
(17, 39, 'Aa', 'Aa@gmail.com', '$2b$10$af3cLMV3fxuZ9WGLtz3TOu.sOltjjjPvjowvaxgobklcbjQ0Np0h.', '2026-03-09 04:12:07'),
(19, 42, 'Aaa', 'Aaaa@gmail.com', '$2b$10$aXfjW0zqAF7bIRTdvz4LzOV.2BNZkPrqofQsJXsRcAPgkgdsqyPbW', '2026-03-09 04:13:43'),
(20, 43, 'k', 'kkkk@gmail.com', '$2b$10$DfhtkH5HsPO5Z.AMYQa9QOtMDwTf4Z5YikY/3PxqY0IAadQDUQqE.', '2026-03-09 04:16:17'),
(21, 44, 'ktu', 'kmha@gmail.com', '$2b$10$opswPIY.WE4Yp9KUy8bYkuTjP7Wtv/l5sr6jRj4o.ddkMf1soMc/K', '2026-03-09 04:17:41'),
(22, 45, 'ktuw', 'kmhaa@gmail.com', '$2b$10$sZNWP0wqrMiTbkUzZx32cuVfpnf5QvAKUAh1dOIY88a.dbkKAizTu', '2026-03-09 04:19:22'),
(23, 46, 'ok', 'kmj@gmail.com', '$2b$10$PwVdkdY1IEFLmp42R9cQAOb.2N3uIEg5nYM7c2kqEv7FKXCTnckS2', '2026-03-09 04:23:17');

-- --------------------------------------------------------

--
-- Struktur dari tabel `bank_transfer`
--

CREATE TABLE `bank_transfer` (
  `id` int NOT NULL,
  `cafe_id` int NOT NULL,
  `nama_bank` varchar(50) COLLATE utf8mb4_general_ci NOT NULL,
  `nomor_bank` int NOT NULL,
  `nama_pemilik` varchar(100) COLLATE utf8mb4_general_ci NOT NULL
) ENGINE=InnoDB DEFAULT CHARSET=utf8mb4 COLLATE=utf8mb4_general_ci;

--
-- Dumping data untuk tabel `bank_transfer`
--

INSERT INTO `bank_transfer` (`id`, `cafe_id`, `nama_bank`, `nomor_bank`, `nama_pemilik`) VALUES
(1, 17, 'BNI', 2321, 'sadas'),
(2, 17, 'BNI', 2321, 'sadas'),
(3, 17, 'BNI', 2321, 'sadas'),
(4, 17, 'BNI', 232133213, 'dasdasasdas'),
(5, 17, 'BNI', 232133213, 'sadas'),
(6, 17, 'BNI', 2321, 'asd'),
(7, 17, 'BNI', 2321, 'dsa'),
(8, 17, 'BNI', 2321, 'asd'),
(9, 27, 'Mandiri', 3432, 'dasdasd');

-- --------------------------------------------------------

--
-- Struktur dari tabel `cafe`
--

CREATE TABLE `cafe` (
  `id` int NOT NULL,
  `nama_cafe` varchar(100) COLLATE utf8mb4_general_ci NOT NULL,
  `logo_cafe` longtext COLLATE utf8mb4_general_ci,
  `alamat` text COLLATE utf8mb4_general_ci,
  `tema_colors` text COLLATE utf8mb4_general_ci
) ENGINE=InnoDB DEFAULT CHARSET=utf8mb4 COLLATE=utf8mb4_general_ci;

--
-- Dumping data untuk tabel `cafe`
--

INSERT INTO `cafe` (`id`, `nama_cafe`, `logo_cafe`, `alamat`, `tema_colors`) VALUES
(12, 'AzrielMartt', NULL, NULL, NULL),
(13, 'AzrielMart', NULL, NULL, NULL),
(14, 'SaMart', NULL, NULL, NULL),
(16, 'SaaMart', NULL, NULL, NULL),
(17, 'dsadsa', NULL, NULL, NULL);
INSERT INTO `cafe` (`id`, `nama_cafe`, `logo_cafe`, `alamat`, `tema_colors`) VALUES
(19, 'Martdsads', 'data:image/jpeg;base64,/9j/4AAQSkZJRgABAQEASABIAAD/2wBDAAYEBQYFBAYGBQYHBwYIChAKCgkJChQODwwQFxQYGBcUFhYaHSUfGhsjHBYWICwgIyYnKSopGR8tMC0oMCUoKSj/2wBDAQcHBwoIChMKChMoGhYaKCgoKCgoKCgoKCgoKCgoKCgoKCgoKCgoKCgoKCgoKCgoKCgoKCgoKCgoKCgoKCgoKCj/wgARCAGdAt8DASIAAhEBAxEB/8QAGwAAAQUBAQAAAAAAAAAAAAAAAAECAwQFBgf/xAAaAQEAAwEBAQAAAAAAAAAAAAAAAQIDBAUG/9oADAMBAAIQAxAAAAHmy8TWpLadFql5LGW0FXTyuT0mMmXv8fOjtV7UjSQIxyDRUEAAAAAAAAAARSSAogAAACCoCABIAAAAAioKiiABIIqBFQEcggqAAAAAos0UxZsw100Zsuxle9npXNIoNmNojkymjXfX1bL6N3IoixICCgI6pkq599V1t/P115mQ00iztGlpV6TM7POzWasW/HRbdiRSbMJgR7Jq0UEAAARQEFQAAAkAgAAAAAIqIAEgAAAAACAAQUEBQABFBBQQUEABUUdPBOW8bRcnnVRK2J4+urbj0t1piTSx7URFE5tjtTJlhrrDJjKwy5ctValiHageX9E2OYlC94U3zUL1nvxnf5UdW2lZoNuZGXTC2Vvd5dWKxFbOMVBBUBAAAAQAAAACQAIAAAAIAEiKiAAAAAAAAAABFARQAAABFBFRR00M5LoQXU8Um9lUuvr3nvqGGvAcz65zafNU0qG+UYE1ACytUq1suWAlsUll6cPZ4v0YKCCgiOBFbFMT1VbatXPuR9GCOvnoePiw6VaaUmWa41r2jQABBUAAJAAAACCiAAAAgABFQAAAAAAAAAAAAEBUAAQUQFVqj54bJd2snpqXXM7JvJ05TcHpEXpnrWeP5P1nmdY8vZ0eNvjUHstUBBRCSiB6oxyeH9GCKAqjQQY5wJHNJMZrNWK1I47Jtz5tXYp6UyKtmPr8+vHJHri0AEAAABEKICiCQABFAQQogKgAAAigICiAqAAAqCCoqAAAAAAADmuJLVa5LR7Hker59rPCZZW3V9hy2jWdtc/RpZKtsrOXzPcNl5Rz3sPkvRlUHN1zAJCjj08E8P6Mkr2ZhBqQFRRBYiRWOmHV5IpPdXbMPySbs4K1SzU7fMijcyQgAICoAAiFEBRAVBBRFAQFQQVUAVEHIIAAASAIAEgCABIAAAAQURYDmvlLdq3zSlZr8+/n97bhm3V9HlTWyp6LX8nQAVCKhH556LVtHiMW7j9eEKuS0LuY/p+d4kI/J998sbELG+jeNNrmUl8cjRYJ4NcoZqM9ofAPS6q6v6Pi1Ks1fTNrHsQIqAICiAAAICoAqAAgAEgEFAAQFEBUAFQFEAAAAAAAAAAAVHIJSyO04dStru/BpcfVxp0802r6COzALEAAIoNjlacdgekGkeU4vc8fvnp+kVMvLSWu+Pg9hVZDaGXYbSGOp24PcxIlOnyun7PP53M7ajfLzua3QrvNmXq/X59GKeC2bWPaI1ySQVARUgATAgAAAAAiVEAAAAEAAAEEKIJUQQogKIJUQQogKIoCKl0rJx+hFtVlejt2uTpFVc7NVxBBQAAABFQABEchzWP3LbwzkOy8+TZcknL6sFmZ0Hw2EtSis7L0c1bB0OjHL0+cJVZMQcx3VBPC09bP6efNguQzWuTqV0soVksslA2ZhGjkQgIKgAAkEBRAUQAEQoigIAAKICiAogKICiAogAKIo5L7Ve2dF2PGdvx9L3I7K4qLAAAAAAAAAEVARQax+bLn8roqesyOcnnetXdWm0rZ1cTrt+PCj1atqZupHpTW/XtUtefLwe957WtPZgp5aQ4/SZe2GFHpstWg/WvVtza7V2jloOsx7RixakGlcyO9XlXSRiGioIAkBEKICoAAgAAAAAKhJRBKiEQoEgBICxAqvSx0kg25HYL3Sc9dpfs5M+/xdKqi1AAAAAAAAAigiCESc5Hd1cebyRsqxvH6ufZz9Lp57fY8102vJWz9qjOcdmwIdWsrMQseXrTtxW6Xz8Xqc61cC1p2cpgkkKSxXLCOhpIYeN2bNK+e5/d8t0Z4kF2rtSFrmgIIAQUQAEmVEBUAAAAAAAAAAAUFFeksCUjTblsVImKfIs06dK5zM0W9O2Oc6HlSKx1AAhQAAAAAARWiQTc5Zw+Q2v143iHoU9KgzzPXpb+X1HTxxblS5pzKjhCKCUUARQaqgiOQhrXq1THMkyApBEARCMdx/Xc3rHJ0dHP7ues18YCIKISVEBRCCiAAklEBRCCiAogKIDhAV7JCWzFdG5lurl3aFBUpujJkjSKWJ6mt2nI+h052WljzrZAqUAAABBRAGq1MfnnU8TtXm9ij0O9Etwb2el7MrbGWmd2vIdoiRwt8QBAAAAAJVAQAJZm6NOiRUKFiWtC3EmXKelvs0Z/O97z968Vma2V1YVYpY5NRUgCACAogKgklVoKICiAogKICqgOGqPmhnLUzIK6Qq1vP6ZK1ywIkWWOQmrvUfM/T88dFyLlgKigCCiACIORsczJQqYF1PL0Km1Uvb76zn9ey1k5GHR0d4i1bJSJVaqqgJAAAQAJAEAIllO7mVWc6zn0XGyIQayP0D2NmJaFazMcBj72N1Y50ViCYja9ogJIEBREg5EBRABFAAFQFABRQUUdZgslvO0aGfQqXtXHs5tdzLiKj7NK1ke9YtZ9S8u9WyznVpng4ag4jaSpl4F3Y1POq147OjnOtNhGa0TkWNLRRpSjsZRVEV7nnc/RXvcXnsGa+tyY2vWXiLAAAAAAAERkYmDr1SHMs3LOPi7fUrXzKT0HLu5LL6PlLV0OnyOglybczd0pj19ataMxmhCimyzFKFHsEQSCiAogKISVWg5WrBXJII+SWUDrD4mvYfYJLrOkpfencvJtWh0EOU4T2Pipvw8kl2/RT7WbzyMPZW+NsrT1nI84ZMdbiQUtaSSXdYz9Nk0aNnTepafaczFg79DTBwtYADi+c6ml2V5Bd2pNNT0Px3vqT1iwTUlwigAAAADFchBhdDzYmlSLNicdWBHCI+V61svNbnbSS815j2LynSrCimlbsueVto14bN6VIbla0RIrRUEFEBRFBUUVxKE62yOJ9KkyrAtZ0Nfndpba38fayvb0cu7lawqOQypdanzDa15LX53B6PIvTkWObeoLqWjK2bEiLatmz2isLp1L1KS4SV7McCQWIFAADNwu0x+mMBtt1nEdVi7U10dzmLdbdQvOWKxuGVOXiq+InWFUSEUBax0zU1ehxeYu9Luef99WHqixAigiOaM4frvJrRkR2b+1MieaKtmvt6ycmlsZ2+VGOxANAAQFEcK5JhbBaEsMrYbbFmLsebTzWr3mBpSTerW8tVnryxOpV2INsl0KN6IBUrZlDQyJZXCbuPpGK69e0qWYa2uWi/MnNC07oeTqqdBIuIUWoa4AAFQBY5Cy16b0ho6aHHU+55C8o2xHNmWakyKuR0cByrtfPvlHZEmtvQxrcxsdRznT5aZeL11OtvPfReW1pb6xurDhBCsdDDD5Pu508Ps9FmROfedcrbFi1sOzm8+zU6+enX0ql602zRDQBXNlHWWXB8rdvLTnanQaOWknTK/k1q8v1vLWb2R1PPa0bbzdys7yjpqqoqBFQbyfV8Vacbt8vqZYnGeg+fa55dWWpvlPczLR2nT+d9/x9F9yO57gNIpq1oAAq2cY1ZY3TN0DbMRQZi7lQpZm861uUbdrSgcxbKVR+frgkULLUu3srSieq6nmen59VFKqOH1GJNk1efoS7VfOujivRNzJomWXI187KCwjrW6SZa9iutR4vr2zTkcjrMLt58Wvep3iIAdPDYLXR4OzS2J1Gnu822TavtyvE6hdyutdti9Wazl2zy8nqstM1/kOjhdbA+ImRKsk5q3ctOhYUqpedek+cbZ4lO5T6MknrvNnt+A6vHTtXMXi3WjNXL7kWACDee3eUu62PlOMvHuQizQABrgrTOExZmu1PHM6rnLuWoWKHRgxWSzE+rS1aX6zdzdHnu8CISKZszlY/WYszzWrSs7Us3TR578X2nNzRboDOu1ipFBz6eqTlOnibudI2rlm93j9WPmdG/Q6c4QRElqrZltdnyPd8+2V0tXN5tdGHlpbL9DWmrPOdpgbZrjEtnJy8kFll+thWjpTMxqr2BQ6SzQ05HUspFLWIvOfRuB2rzVHVz+nKs5BF7f53Xrb051enwdMO1naUHINiVZX4e0dB5zWh68nNkvbT7XNzGr5m+mja+2Nwa4AahzHMIvP97jdq06kkO2a2oL8tbbyuo4eyvu88nNt1K5l3p5Z2rHNX0bfN3ijJFPpG1fytXl1hyNxJcB0kViLDeduTBg7WgnL6KjtzTnqD+a6Ms6lYqbUaiCJLFaxLU7LiNWl9yjLDz768/Hw3nucTIS1utZyjM3S40U2sbXWRzYUl5LpvP7Uuw1W9Gd7r+H6zK+y6Czz3qW63HS6TgKC9JjZ3a55kduJm/WzNGs97n53V8XVcc2tms89znKb0u57V6aNuWLWu7VUv0d2W6nzetmzmJrn1Ts2/1cj609S1bjHZqON5+/ldeUCEloluQVIn0Cz5z2HJ0dBA9kILk+bydXTHP7vRy0MR2N1Y19Dj47R6szh+259terQzsrFjges2rz9DTq2XdXjL9q9T2Xl8dJ6zibud0Y0a09e9WoqRL7NexMX79Lsonlekze0jTz93Y8lbaCl1sMsZJC+7pIRPXHEyc3O5r5dtGubLHOmpmW65djawub5tW5zp+vdiSppq2OZilWvotz4at9uhVv79DjOLo6PgaMPTm6N+hsqaUjtOpBUnQAPTpcyLh4BnQYvnd8N2imevU08nX7OK1zejze+eFm61Lqwp2XREVZEQ+SBYnou38nv4bd5oZz6nR6NLk68Pk+w57amS1Wd3A/Ry1T6dn8j3/Pt5zbtUNa588DL5yt08iYnnqaGeld8M+lM+vYrjFRw+1XuS0vSfPO+ied7flOkXseaeq+d1r2mH1GdLz1jnbdxoM9Gpj5LJpZ03UFvsk8E1cJxubnyIzQinoaqmvUACNe0bcppTkuLz1fLCxVfJM1LdyfToY9S/Q0VEiKgAh2O95R1/l43+hbg781qpvZfB3U3xs5upMqzndmEkOnm9fHmZrmdHMK0QoiDnRqW+z4KTHb0+zyXQZXOZ6rmefq5SOzW9DgBFvmuvk6cTWs5RW+9z+jnXzL+fvFLXxdrHd+K122OdXsV5MVHk16nol/ocbeXydGK6v2nFdpwtMe5z9DGOAfVtb9m33nEdvlhyPL9jx06g12vQOXZrlkeiWJ8eLneI9U8tvs0VNe0BBIUy65LC6WnHHo73oFa4SdNHEeOzSM27UBLbCCAggqIhm2qTubzu57Pxzs+Ttu78nIdHJr0enx+D0Myhox83bDUsy2rw8W5het44IbYCAKMcKIDuo5Uy17Hn58o38CVtLwEbt+fUTQWY59ksKZVj6AxdJlE1r3OdXnbAaGkZ9W3VlHIx5Z0aGobulTjabljP24aPHdhyda9jlTOV8unjl16+n7LD28+fzzG1cm+qywWNOl3ovHd5jyTopnhW897YvPnLI5de51ZM5UV/fZ8vN9tvPrRrlWCNe04/ivX/ACW+rYo1165QRYQQRBDLFMfNddovrf0Hp/LvSuXr5ntosDo4p8vv+a8/0+aLGpl08Bl9fy/o+bVHHTyNHAwcDVVos0WmJmvYI10UGuTVhpaGPDaKda9WTHI0JEsVS/rc1vZa4lyno655lW7UlFI2Qs62ZuHoXPdVjtNS/K/POnxvofMWtOu/gxXzh7n69k/ech21OfhsPpMK14rK2r9HUdAXMOGsWkrXm9KG/d4/JOunZjy6npdOfnOnmmrnWdZWqsWQqpaQp8L6Fyt3mNzfw79TElL7wJMhCkqJ/8QAMBAAAgIBAwMDAwQCAgMBAAAAAQIAAwQFERIQEyEgIjEUMDIjM0BQJEE0QwYVQjX/2gAIAQEAAQUC2m02gWH5CeEXk1x5Sv8AbcQ/3oiwnggfcq3IEzueWf21vv1viNxYfY4ThAk22iL7uJslnxb+3j+aXEMPTb+6ESZjbV77RG2Qv7Jv7Qdijcllp3Mob7HCEKs9zwKVlVPGWNsH345PlqBsHPluRnCbTaP4A+P7YRYsvY2WzfxAhKdEcrFO4f8AKKdirb+gN7+nBYEUdN4z8ZsSSZWPeUCzgzgptOM4xhtCu8I/uFlrcUSnt09BMTEL4Xa95HSpvJ+eittEbkOhb3h/YDv1M9xgQLNt49fKe1Fx6+9GWMsbiJsTCgWb83MP9uJWvJ7B+j0qTk2LV26M/F46jl1cLD6qjsxf3sfZN/bW/rMuSxwlhVC9hnB2grCx285D7CpeNR+D/brK437ePimykoQ2kU9zMltQezVsLlXXT3CRt6y3s+5vOW0LFpYwRFrLR/czCEQj+2WVzHr53YFHbs1HA2bExVod8znZTXwBXcLhdvUNRo7dhH2j9gnact5w3ljBYEaxrm99NPBHSMsKwz5/sxElYmmr+oFALkAZma17afjfT09CJqtAaYmI1rPXsxG32G+fXxG/TgI9bNFx9jvYIWjGFWMvTivHiD/ZCJKvEwF442RkJQmZn2ZB0jF9N1fcSnGWl78ENqup4pqsPrPpHrM+JvN4Y77z8mMP9kIkqXkcuwU49973NQjWOmWlMSzJulYKWejaahijIosUqx9IHoWNB6yZuYDuI4Etfus3iND/AGSxJQeNmqsQgQtLVYDTMKpKPagqfv3ekzVsI/WsPQJpuL9Vf0TyfhfSvkk7QwHcP5m+xsuCF3e08QiuYYf7JZWIo9t+D9RHUcnUccW+v6Zt7IFA9dlYZtRo7GURNuizRcfsY0PgV/iTvAdza2wn+4nwRuAdmRuLt7Tt5tXnWqKiWGND/ZARRKlmLXze/cVbRajY2NT2h9nXcfnVp+ntbZq1HazNppmN9Rk32LRXLITtGOy/iqnuXQfuH4X8Qd4tZeXBuanktLe4kq/LaOY0P9iIoiLKkJOPWNo9CNK61QfatrFtaoEX/wAhr9wQk6bi/TY+VZ3bovuf8mXybn5GpOCqd3/7X/Efjt7cWngNSxtxkUkJYf1GbzZswYFYYf68QRRK1lFRdsfH2H8DWau5RpWF/ksN1zK2xUc+IPdLrJRVxjHZcTeH9yz8LTtXhV87YRuEpAqzqOLr8L8PGh/rxFlazFpNzU1LUn8EqDAoWGazk9+zluQNwzlpTUE6P5NH5W/nZ+No3mCnGj465lHdGo4/YuZY8b+wESYOGbhWiov8NjsM7LsuldC1gBRO2zxQFi9KV7l3Hjew5M3lAvclf4SwMJTkJZ0zKRfj8fZYIwm04zjOM4zjNpt/UCJMC80OP4lq/Uy3DZYtNjwAATf9Zfz38afXsMpOOXjLvdaOLYKbqPiy7jL7bnFhKSnNsrVctWGSo7liwrOMCThOE7cNcKQiEQj+lAgiCVzCt4T/AH/Bf8EUKsJ26g/5AP6y/hQvGvNWYQ/Vz02bCG1MPus7STVK+LNjhqaMb9XITZ3Wcdzx/UWksfpDs9fcIwWjYLy6pgeB3ZIywibf0O0AgEURfBTxMdxbMUk1/wAHV8rtph6iChzattR1Nnincf63/wAj/uxV5WCZC8qsHzM1OWPjjaqWpKbOUy1VqMP9hUCzJq5hhutdXJlwhyrrFa7CbdCI9BaHAWX0NXLEjCGH+ftAIFnGWWBZiqWl9+00wgLp9gdf4Fr8E1O/nclrIWyLGlCdxx4YfNv7gUtNLG7dKa+2xG4A2HQ1gzltKK+2OmTSGlWwH2GUMHwUMyUC2tD/ADgIV9tTeVEvt2n++43CVH26Uvbx/wCBqt3BLG5NK6meY9QRX8Rvz48sjBTddMTjT9kDb0MgaHkkUgj7Gp7dx4f5ggiiP4QCJftV0/20B2lFxMxVHb7vCV2I/wB124rqDm1m+cWgca/mld0WH8KR/mYq8L6U4ffufiqDivpJiuGBImfSeVkP8wRYolrbn59IEAmm21V5KWK02BnZr5fc1C7YWHxRX3LGlSzTaOcpxt8Oz22V+3IC7XffX32dXbj0Z9gbGtlG9b10mWdznbGh/liJLG4p0Hn0kxFmB5xfu5NwqXIc2TI/axa+3XtzmNRzatAiafqBol/Am+s12L98/Ff7fTfyW5WM/tc+6kL2xQO/tNTSXDy8P8tYkvPuEafHQnaA79B4izB/4v23YLLsuWkvLZYnJ8TFDo+EeVNfbWPQjxcbtyyo2U4x5U/eb4r/AG5bcOSAqn7ZoXuxUVQqhR0zF50XR4f5QixYfNn+lE+Sx2ijeE7TkTAsSY440/YJlmRWks1IGG1njNBCNzTTyuRQq9dxMWvk08D+A7duGsbNbXWqH2qvcYAA7zeM6qHzahKrq71yF2ZxGEP8kRZt7QPe2Pb26dPssx7NPtqnYYG+tq4Enx0r8lPjrvCYWEtzKa5drKCXalbZALLCuyhfnj7sbELzJH6mFVsPRVbVcB8E7A5IN6ncfdLwCx9RttK36nQXZqshYWyEn1d0+uyBDqWUI97vMXtcszFrx8azK72QwjLCIRNv4e0Am02gEURBMbEF2YalKbQ1A2fS1TI08WM/th8RFhO00/UlccoXAlmbQku1ihZdrNzSzNvshcmVo1hrp2DD3RRscPH6Fe5eo2Ho4laKNXsSZGrdwJkMLsG7mn22acd5ZbxFX7r+Zj+Rz/U2j49TyzS8dpkaQVDqyNiGv/1+eBVptPi7beMsKwrCsIh/gCAQLNpxnGKsrWacv6/oI3GrYyVqFlFRut+lxzW4Kt3WENhM5TlKqe6ux3pxYqhXH4n80G8w8fl0b8cVPUf2suviYJpmTwat+a/aA26MNxina5vyxFXj2xzUbDrq2FzTT7UpmTb9bZrWN2rdysTJZQchjO80FgM23hEMP3QIBAsazadxoLXi3SrZxWswfBrpO/oyKu6mYNsjTU7OJUSG1hOGWfTg7bt5X/sH48ffhY/cIHS78EXivp4EVtWHgwVMyMXtLX+WLcapWwYfcyQUvs9602dth6uxXuqKszMVchMms1WQwdFYrAwaMIYftgRRFWXH0CYlNu6oZg7Bsj3WBdj6M7DFwyqj2DNd25noBvK8QmDDWDHFLT/sVfbjU91kUKOh8v6sumbe7aceS8eFlZ3SixhK7wYD9vPXdK8k0vT2CtFqP9gz/wAhpr4noJsZsYp2LCND9oCATwJj+51wGvb/ANT4yMd6bOMw8XaAQRG4PlcpitdlBT27vRmb9kVkNm29+8xVJNNQrHKBoze3aKvux8QtEUKv2iNxdj+fhiPGYkXylc5RbDPquMXLWfUJBak5icpvOUbIqWNnKZkLc9llQlncoOj38bh68qwU05Vr32EecPEa+y6k1WBTKqLHj6e6U2LHEP2BAIogHjjupYIcTNNQQ811SrlVi1cmFg5xTvP9KN05pjSiv06haaq9Qzjkg4z7LQzyirhGaFoGm+646m2LQKh9pTv6CoMtx95l4p7OP5o22J+Qdqz5FmOjS6qyqd5xPqbYMq4xXvaIu8TbbFTbKKgjKrjoGHHsZeO/Kv0ma0N8LTcTvXtpjHKQJhrm4teQFoRRnDhTfYLcBjyjrGEI9YEURRBsZkPAJjYrJYo2F68qqTwqrp/wu5+kh2tT9Rpt6tbf9PDpBFWMuxxa6cZ/xcwmAyszSruFj+mz03vwqrGy+lxuEr4ELCNyfFXKD4tmRUjquOFHgTnA8Rpheb+j0KZn0FJiv2/UxbdlNrKoUbTIpPaFC1VyyoPL8bsUX8kiPyjiMIfSIoiCF+B0qhLpbp7JfTgbXgdLfwqrNsrbnMnCdCn7mncCfUZqHvbCp9szP+LdHhm8QyhpUe8vUyrz6ctuVw9eUm1tVfOqysgv5rm8eE+52jNOUBlZmnfv9cqvuUr+Nd3bldq2Dfq3ha/w6kbhelo3S0JkU5GnPTTZQ3FhCIfQsQTTgoL87H0xG7eVWXyCnGpetdKcq6xXbMjFDyis1LjXd1OgIPXIfili8hQnBJl/8e6PD0UylppT/p9bTzcegwNzz41gUem9OSUfhbXzF9LLCvj/AE/iE+12hM3iyqaYP1fQtXtMuTeLqOTSadQLV1ZtNssvqCadf3qPRvyeOTvZjHllOFqZwGyF/UaHqIsQStQlFaIB2wtVe3CxeSVA8d5ZcqTB3b0Z3bFeHkKLa7e4uzmIoXpdctSmzuyura3pkDeq74sh6CVzS32yOlr8ExR49DHYYjjvZerpXMjKsvb0mVjYQjeZGPuvH22j2MfDGHokpE0xfb6NvORTGl9Su4+NPqCPk0h108/T2qdx0vvVEosV67PilfB8A0h60xrLrc6siuyN1EWYyM7JiCmqrHatkJKpspfLrU/VMi5N2V3ETaYTg1ddWbmcKgdvE/S65eoJTK+eQ2NXvAPf0eXiWCHoJWZitxsHRz9RcPTqWbXTVZezwn7Z+O2DXn1jHSww9FlaklBwOEvDH9WXRH/cUzD+JbVtdXca5VlU2dNQ8pi4r83vtSUZNV4u5zJfhVSQ1Ws8fpbI0PQRZg2du59rEPuTJ7wx6l9tFezUU735tfOPTxP4FTurMALtQBahO7aRtXy4hsupRk32XKmPtbSnJlGwnL9SP8Zn7tgjQwSuVfFR3ryrdhh18U63WrUudqzPGbcxULRaVERw46E+uxgi5t5ussMMEQTCqL27bym1qpXYrj05FvbXbyJiDaqMm5vqKnMo5TFoFdGQFVMUqEy04WV0bW123d+2prFwspaLtYuSw2GHqIkqj6mq11ZqpQcmy9dOq3RLqPq7MurHFmoXWSpudtmoU1lNVCVX5N+U+Fj8pVWE6OdozTlOUxK+Ic7In40+WmVm00TNze9bWxYuIR0SVfAtFeNUvftHQzN1GvHmVk2ZDb9K6YBt0UlTTkA9LzsOoO4hmrWGWtHPRZWJj9/Hi9vLrIKkEqacgNA27x/xmQ/OwnYJjdyqi7b0Zqe6q4NM3LYNj3plLlmwTZGxsCvlffX3Ezsc0m4xoeoiyuL5Xt8q9qkRrbHCuwIGxZtgb2ZFrA6CY/Hs1n2XWpUuRmA2ctxvFM0+3nLT08VV52qFp7nPACCEbhhNoo8p8ISVxqu1XLbUqTO1RrYW6KCxrq4+qu5kj2ra3Wr5jGZlvctcwwRRN+K4GSgSzGatqb6suW1NWZj3cGEPwbdsM/GXkEPi6irltrAljUHkGFT+KctbLrKwVzQy21u9dluUch8y+s14GX9PFcONXtDS0xoeoiyuF+CXPZbP/WIUZC1IXaOeIVTYQOIXc9BMW7/Fz86uqu62y9xUIvRZj2dt1cWZFti1pn5rZLqk2m3T4LrOMUeQPGn0eJnalXjzKyrMhieiVFoqBR6LaCvUeGovDdT7ciZ1nbx7Y3RRB4DOWlNjVtg58tprywmU9JsoBEpuNRDBgXmZlcIWJO8wc96JXYltXuomXkhDy2mn5fcl99dt618Mlju2L7mx7DbbabsPIOVZkGyND1EWVTSccWh6DVbpSFcY0K2njzMDCGS2p1CrNI6ARm4xbLCeG0Vduh8TaCLNO9lep5pyHRdvSRB5HCKspq7jvbXj152qNbCeiqWKUgevEzK8gXUcowIPSnIKQHxleEB3XVW3a35MAiiXN1BmLmtWacirJrau7BNb15iOhQ12Ghsot3m67zFyXx7Ma9bq87FDrYCrYSgvK7SkZSFDECp+L5FxvuqPvsjegRJSJpy9nCQHIybfCV1gUunavwU44uuVxvEAgEp0x8hF8emvyvGFggsyXeutNvX8HjG2QfXJjJfc9znpXTvFUD7GRhJdMfOepnRbVtrNZ6U2mqMRbRh2ckyX7l7iFYFllnH0gyi9qjg54dcnGKtj315iX1GsuvE5lex67zFyGx7arFvqzEFprPHFhljFsOL4OTUEi/lZGh6iJMcAvn2hMLTHrW5bEfImrbfV0/hqQ5Yfysx6+doGw1CvtZ3ooP6l9orlddmTbl4n0lvrMGUqJba1hm0ep0WtAB9nEyoyVZlf62nMjV5NV1RrPSuw1NVeEifqLtvCkvs29YldhRtPz95kY/eOLkLlpkVGtriux9NGSceqm01uwVLtZRUy+mHjnKuSgnJz6+FeF2k06yND1WViIvileRZGEwfdlQ193VU8Ll/J8QTTRvlzXl9K+LMLDfLsxsevHTWKO7iDyvpdwoewt0AmLiWZD4Wl1UDWsbu4lX4/ZqtatsPK3ldi3pdVZgWUXV5VV9RrPS9Cy0txd03l9gWs/ZDbHTs88sir6iJmJfiV7W0XKUs6jzNQUVtN5l2Na/TRzxznsY2tyuxu64qf4aHoIsriA7J7XP6s0pd8r/WX/wDop+3qD8Dvy6aV/wAua1/xj89B5mJiC0VVitJYvNSnbs9FjhYxLGBZp+lNdKaUqSONxlUnGy/sgytypwsrlKbBcmVS+Hbj3JlU31GsnpdVvEO6ZVAtVhsfs7zT80g6xZW8qvNTWccqs+DvBMBO5l5z9zKhPkkmKrO1lb1NpZ2ztS7P1WF5qxaDkWv8PD0ESVw7G3IxylOXV2cHSB7bvxzBtqC/hqdXcxVHkeX0lD35rNzNkrP/ALlI3NVfHrc3GvNqZJv4U7iO4EY8iBMTTbsiYmm00egzXMXuVodxOXn1gyuwo2Hk7xGW+t+enZSOmRVkU9smGfixmoBftqfOcOE3lVhra5g1v+1mlDiMPD+ppPiH5mlbJZqGV9XdWpsdlKPh0soxr2xrW/F4egiSuY2LapW9wmS72Y2ljbF+bc5t8rEyBfL23x0ifOncUxZrY2zE/FIJpdRbNT56Zp9ttCvin8Za/ERV3mlacFUD1OoZcmo4+S7RBsPsAym0o+Fk7S6pMqmiyzT8kcbEyaChMu8I7FZbuxP2qV5X6hZ3MvqfkGN+hpehXhHtPvggsZYUYIjFGzbxkX4l9tYMP4tD0ESUxv8Ag6YoOVbQltg2Va/xvB+owcdqJf7VX4nycI74mvD/ACz4VPCrNLr446/HS/3XN8f/AFLfL0UPc+DpaUwesz/yGoGL+Xr2m02gmGxWzTh4z8RL6dILLZ2gRlYyo1tIZnx1uoyKRvauz7TabTabTabdcKoW3EdR8NNMoW/I1FzZk0VgpkLtZtNoB5awnH26VMXxtoV9riHoJWJQkev/AAdKqHfFf61lft7Yl2OPqO2JqqcauO0VN52hMCoDE1xf8jhOErr3lNAWntiduGuLSPqbK/aa9n4TExVvvx8SuhFTz2xO2JwE4TgJwE7YjJ4uoFtms4VWOyr44zjOM4zjOM//xAApEQACAgEDAwQCAgMAAAAAAAAAAQIRAxAgIRIwMQQTQEEiURRhMkJQ/9oACAEDAQE/ARRciOBt0e2oQpE/P/KXoiGCMPAo14J/ozYlF2xiRKNfPSsrtS8E8WSbtkPRt+RYYYlZkdv51EENd3L4JefmwVsrVoce20pEvSxZ/EgjPV1H5eJfY5FpCd6zj27PU+o+l8zH4OkUWLjVqxrSMb1vWc+kjkTJNUZU0/lpWRVb+nkkuSKpaWf2J2NmadsU6PctEn8pKyMa7NF65ZUhS/AyT/EbvSyXyoVXbrSz1Mvo6vwJyuIxPSWiizoZ0v40XQu1ek5GSVsvWtHGzp2ONjjXwVFsjBy4PY4PZ+iq7LYhStGV8j7kvg4MdIjjUStJrsMivsRiyUZXY+4/HwMUbYuEIsZkXYYlq+8+/hOtHuHV+hf2ZdlnVuZfboa0ffhrGVC/bJTsssbZQlW5jQu7JCKK7NFCjYoVscr1bE+0tK7bKEV2PbpEYoceRIYxbHou6x8HUWLdRQhjW6HkacmJUMsvdPWD7stVotVqtGh7EdItJaXunrB87nJLdY9FBvkWxi3NbIIrWtWdQtZarZdDkKDZPE47ZPXDkUeGTxJ8oca0YlZVadP2WUWSeyLovTpOWPHo9I69LZONarRyOWQxfsoUlLwTw34JKtXomfjk8eSGSWPhlxyonBxZIUqIzGvtEMnSZF/tEWQbQ3tkqVmKVjlcq0bKsWMyxpi0hD7ZROFoaoRdDlZGDZHHWsZODMWZTJQUkTg4j2WKafEhqWN2jHkWXhmbBStaJkJ0TjXgt6KLavaif6E6E+bEzNIxO1pmXGmKNi1zIToshj+xLZ+OZf2NODMGfq4Y4qR7VMz4HDbDJXDHCvyiYsnuLpMip1omdf49L1wvytq8H0LnTH4M3kwaZXxphlzRek8lEpXrila2qVCrPGvsacGYM98M8jipKmZsfRKtuPJ0nXUriZJrIr+90dtH0Q8j8kPBPlmERll9aJ0RlZkyUN7McqZ1XtjJx5RkXuw6y6PTZ+rhk5tM9Que7iim+dsf8XpDgbsj4J+DDpLl64/BJ87sUtn/xAAoEQACAgEEAgICAgMBAAAAAAAAAQIRAxASICEwMUBBBBMiUSNQcVL/2gAIAQIBAT8BHKiWVJWKW6Vi/wBC0KJtKEuhrg/yiWaUhtv2RIZG/QtE7+e3RY0IkhoSsrhHsjkhFEvyUvR+yWQgqXztxlZCf0LWiKK5Ixi9fNm6RuH/AG9IT7E/GptC/IkhfkyZjuu/l5n9EYUbHJklt0UmY5349phw/b+Zk92WOaRJ3rF0Rd96TlQihLWENxKFdiXZB2vlt0SluZvHxU6RCVof8mJFD/oapiRjVLTaR+VJ0TnfhUuqIXo5GJXIauZCPfBfKy3fjTS0owor+RFdkRpaRLHNI/ahZF8acdw1XhUXQoMoUSKpcFLRSolN8I5GiOVS+E2bjcS9+CKtiXWjVOiPrwMfDF7+DKRZejdDrnjRY2TgR8D1SKIrv4EuM+cYiHMbsfhZQkJarzz4z4KLZ+s2pFm7XabR+FMsVaLz5PWqelWfqFiFBLVuj2N8LJLx2WQlpuE/C2WOdEsifFaUNaN0N3xT1aKK40NcIossT8H7LJzkmRnaJPSJLRCF2JDJSobvwJ8ErNhtJexMfDcXfssRGXLI+i1FEpORAorhEkzFrmj3flWs/eiKNuj4RdPoi+ExzGxkE+XrTDrmVrjFEcTfJMWjmkP3qmIk+x96UNaRfDK2XZtKQ5apWKDZVF6Yvesl0V2PSMXIhjoSIZU+OOOv5GNvtEcrXTE70irJPahuyyUhxbRdFEI/fCUUzakfqsWBfYsFs/UkMx6ZFolZDHRWjJdaQw/2KIo6OLj7IZq9ilesVoypY/8AhPFHJ2hqWJkJ7jGiUbJ4yPbJ4bRj/wDMh4zaQVLjRFl96/qtihQ0NGy2QhWjWknRtc2QxqIkJayipoyYXAjNxITUiC7FrRLHXcTqfTJ43idowZrdPSrJwIS3dFLRyp8WPRe9JMjpLSK4MktwkJcaeL/h1NGfBt7QnQslrow5lNccmK+0J3/GRPF+t2QdrRqzZ3euX6FyQhE/ZDSRZDVsvWPFqxp4pX9HU0Z8G3tCdEZbXaMM9yvjPHuNlxqRji4OvrlMXH6EfYh+yOknouhMbG+EWXxklJdkf8cto+zPh29ojHowevLk6QuUdWR0eqHxQuH/xAA8EAABAwEGBAQEBQQBAwUAAAABAAIRIQMQEjFBUSAiMmETMHGBBEJQkUBSYqGxIzNygsFTYJKistHh8f/aAAgBAQAGPwLgAGZuxfLonH2Q/wCwSeAoEKDePNgVKJcenMrKGfysIzK9UP8AsGN7iu90cUHyalcvKNyosxXcoYjiN36nUQaPREKlVywq/XjHAXbcJunhw35Kguov+Fif9kXn2U5nZF1o72VeVmwWXBl9apmU4nqjgLoWG+OAduCVPD+VUurkuy8V+Xyi+q5RHcrOXb7J0dIoPrWJ3snel4G6a1NwCj6rsfJJvjjoo5UGts8u6yaFzOKoFA6lhbmc1X625WlKtKwnND9NbrN2rEXsCcNh5Eefy5box91i3oELNuWv1tje8lfEg/mQtLMUlWjx8y8L4bmfvoFUlztSqp3/AE3tKy/B1XKJXOZX/CxWlBsqZKvUeE7fVnv2oidSjiyXh2PR/Kr1nPgndWn6QiPwOXB1IGeZaOVWOXS77KjD7rmPNso+rN3dVYrQwo6WbLxn/wCo4YT3N+ZfoIxKfwlfvdnfy/dTpp9WDdzCMaUUvKEZIAvNraflYqAWY+5Qxl0nfiLfm0RBzH4QjW+XLAzoUD6tZu2cnN/UqLCzIZpj4q4StgnP+UZcfJk8YuLD8oFTe4r14jwUzCBGTlELCFA+rlWTnuiBzDdHCAAMkZy1VmLITTIL+pl+VUHG0nRPbpmOHEep9bxcVGpujgwHNFpWLRR8pyX6guX7/WK9DU6LoC7+ULUZtzTHuH9PNPjI1uaPkFSpPpcG73dzd2FxuCKJ1OSH5lXVFpUtq05hU6f4+rxkNTsmmIaOkf8AN2S5R5bmOyKDW5BWT/ZQM1HznNfobQXE6ZBfpCxfZYGqNU5eyNwbusRzXjMFW5oPZk5NeNV/6gpWcj6rDVzCm34FgGeNPc/Kzp7ojdYnQ5qgZlYGqB0j91hbmsTupEp05ph9ripOTboOSNmclHdQ7RFpzH1WG5alYW/gqowM7vCZVrUXDP8AhbN/lYbLJbm4BP8AVWfaq90BtVDc1upc3eViHS9Nd9UDnctn/KAYIH4SqNn8PRmrlTPdR1lc5psFAojcfsrVqd6Jqteyb6XYrPPYqMnbXObrmEPqkGtmf2/ClsxZ9tVycw2VGH3VLvZOUrEp/MEfVObs5P73QGlxUCyEf5KX2BZ+oFNNpzsORRIRjI14sll9OwP6dD+DNYQA4SiOyaN0Ex2xTkHboXVPa6yezRANHKajsjWkID9NxWFQ0SVzvDQhZ2DeUbqrx9lRzSop7Iz9Lc3Yquhj8FDc1zLMrBZUv91+ysxtc4IlHcVTLsQUHNOxtlAbXBzeoIlFo+6Mkx2WFqy4Opcr3T3XOKbj6PAzRe5YWfdPLjFVaFtRi/Ak3S0wupQj904L3TyNKouv7XAX7KLTLdOrIJpfIo7+UBr38mCJC6nAIhrCG/QSoN2FtwbkF2u5oxOr+Bw/dE73UCog7ZNO9EG7lWw1y8+oX5m/uqeTIdPbb6Cbo+ZVvi4NcCQhi8azduquDx+65XA+aSVG+d2J4XsgiwojVqszuVbDunDv59Oo5KOOQs1jYJ3j6D2HF3VU02nsVRyrVSGgHzcAPqrRxujsneixO6U052p5pTToaFM7FTuPwBechQcA9bj2RZZD3T2bCicDS0/lPBJb9A7m/tw0VVZHt51OpOr6lOUnMqQoQa3ILw7arP4QtbMhzCaodkPwAvhAbKQrRlYIz7puHJG0Ptc1/sUfx8XR5Fl/j5lTCiz+6qVGiYzvKJd7Kii7maps3Gum6DLQQ9op3TD55TbobWEZ6iq6oB0iKwoAVKXuH0Kb5N1FU3MHbyqlYbJc5rcVkvVADTgrQ91jOQy/BEf+Kp1rlAxbIYkHOHLop1v5iAuS0YY0UsdKcNj9AD8HIdU60j/EbpgMFz9E4kZGEMQgnRVvHkVej4YuBtCYKIah6KdFitKM23UNyCxnh5S118Sp87lEoG06W5KRkM0y1sa4qKrH/dV8Vq/vPX94r+4uZxKm2ZiEofFfCEtIrmsoDvx7MXTmsBHLtc1+oQ5dcStbW1PN8vZQu6rcGWxwv33VFUrmtmrkl65AGrmtCqrlCk9Upiep0hY7QeguPqo4Q9hwvFZUWzcahrSEHnzYFSudHCv9ZRTrI+oVn2zu5rNp9lRsKbMyodmi09ZerRgy0CbP489m8TfCsoipKlCzbmU74YAYwM0Qcwut33VXG+jmjso1U2n2UCghD1TU5B7+nQXFF3F7LEOk34T7KfLpcQiDtCI2WL5kTuIUcHiWYqE9tsKHsm2VgDh3TXM6YgqhKrVUhaKtPwnLdmqhSDdaLHaPdi7cOA5aq09U63d1OyQPzA5onR/NxGepe69kPVBS7on73xugOItOiwO1R5jQrE0yEEAaqR5pj/IIWrf9kD8pz4+hq5WgIhycxwqPw+EcOIUCq4p7d6qzbouUn04cWqaGRhapViNQ2+i5jC6ig4OKP+SPogv06lANEC/0450KE5hWie0qDoUJ1KoVzU8xrtQpiW6hY2YSCiGHp8kWkgWm2/4Wqci4OAav7v7LC67E/O8O2QezRFxOEAptm334YAkkrFatwsZWqfaHXK6Aq9V/uve4F9G7KAIHlwVLQjiBCKa/dMKb6m6hVSLs11BZhZ3ZhVeF/TaXIC2pJpssJGSIkgItOR8hzzoEXvMk3NEUTmnQ3cgcVjtInb8AcKawtogRqserViOQWG8oA7J2EEl2ixv6zwhw0KFmzLVN7ymwMzCJOfCMIlDW0Pn5LlREJiHqvdN9VUKnKeyoSR6rrK6yqPKq9wXO9x91AomEZKDVYgoIlNjJA8ZjdYnjkav0FxQwg+GmPERP3QGFv2WKzo5laI2jdRPndlAusrQNDt5VSnjsgiY5jzLEndxKw9/IDEHlWROgWU4JcOLwzk7JN3mnCGjXhJQHFCfZnQrsqbr3Tu1zfVExVc1VTgZfSiY/YqNOLlb7otfGEabqGiBcWNbia4/ZQMpuPcQU4WWI4qQtQVzZ+XknOtau22WAuFclZ48h+97o2WDtVQzoFJRLOZqZvCe6efbbyLR2gCYNhdaenF3Cs36cJedcuGys/fyA7el3dHdWi/1TEdhxD04HBBVyXKZ4Ch34IKwnMXGM809sCYXiA4llI8l0mpGSNoRmVDKOKD2fKIkKTSKjtwWrY6gi2ppyhVWJvK8K1e4YXNyU5O1F9DwRvfaenG5m3ALIf7cTjtS6T+/F6Xd1MJ3df6pnGT24X7g3Swlr9wsL4d6rG+xcB2XI79kf6jclJzHDOguwtzKBaSIFe6Aza4QvQSsQEB2XHRB7P7gNVZWFA41UMEUQgIhCCRdnVOtDrwTak4Oyc+rbOKLFZiQuqPRd7pcpTZ9b3+nGB+YReSV4js3cMqT6otsed2+im0efKJYYKGMQYR7cb3e3CVibcyd7rY91kE8HpmFS9xIMDWE0tIKnERGyxEkk7qVzZ6dk8GcLeoqynKoHGGtElE4qxBRtHw5250UugJ/PSVEyey6JqsEBnopJl25TREEDLgZZD1KdOUQmAGhvhvM9eJazGgUnJE8B4mO2N4b8vE5uKXkZLOB5uFwlcuTshwgBc4hN714w5qYLn+t1psarcKA8Tsbmt01T3seWtGUaouccQmq/pvHohWhMIwmluS5m1mnG1001WNvyVrqiJzTv6mQpAQNpLnFOw5krm+VMOxqmMzJKDm6IFSSsFhXdy5vdGNk0qhJKLQ7AOy5zIQAUXYe11M0+ONp7LCPdYjm7gxPcAEW2HK3fgrVS0+UXOyCxHLQcIjSqgqOpuylvFudAidTcDvW4FUyWJvUmgzPqv1GgWDJ2oKjdOdXCNUyz/uAmkqLXlbNap9janCNJTPDfi38ijCVJYcal1GbLG85FHws8NVUy86BGLNoasWjWqJxHsiBZmZoocabBBrctSjHpdG149ViOZRQVo7vdzO5vyhYmMDEZ4Smb4VByFTwQOa02U2jp7Xy6+WmCofym4evGxgNMzxD4hjZs8ivEsTXUKCpaYKwvo5EbcDjoKC6Wnn13QZaUinByZ6rC6jlZhvU3qXcfcJmKpyDlgZpmnWkcnyqJTCaiInymYqByBc+n/CIxFtlsosqd1Ou93hWVGanfgaW9MLFusT3QE4tEhTfhd1Ny9E0bm6XGBui2wo38yn91zFUbxN1OQUHqzNxdaOgItseVm+t8Bd+L8zdlZBp14HN2N73fbhlBoM2a8f4I+rN1hdyWo0KrlcfErOtxWLXK7CzTVAW9HaPC54k5OGRWG0q1UqCnB3yp/wCYn/yWJuX8LE6s6oOs+pNZ0YdO6AE+IdQgxwlhriUtII7JrK7+TKl2URCEEvdgxSidBmqKVW7tfZ2beomEbOzOJ/8ACm1ddF7XbIRk0Si55hoUNpZ6BSeD14RaO2pdDed+yxWjva/sqcNKi/EKO3UPo68fqFzjqaKOGqlhUGh2WJhwWw1XhfGt9HrFZVCqq1Z/CBFQvC2cSi1lXKt2F/PZ/lKlpx2f7tUt5mFPezJ7bsL48X/3J4I/p5DsmatzBTjuU+0eTDGpjfmP2RbZvLV/VMx5NoXiWxCfZu+WiabQ/wD4vicHzEkXYrT+2391yiGubfnccBIC73g8Fq52QosLP7Y/dSc/JDBrmhicGtCw2PKze+irnxx0v2UtzUG/DaVbvtcHbFApjNq8OEcHMabrDaQ6VjsCX2OrTopYYfsuZU6NQrd9keHFZn23WOxy+ez/APhYrN1NEQc08uya0m7fZAkUKIBoUHVoU60OvlNJ/wAiv83LAKTRBmkJ7D8pVmI0VlaDSnAbRzo/KFhycKHjqvDFGqvHN0lRZc9qczssVo6TfLlTyPE+HOF68L4sEfqU/uq37t2TsJmQoVofbggZ8UtQBQ+J+Cz1buodR4zauyLm+4WNvSeEPZmvHsdetifaWRkAxCtfzOMX2bDHJW6U17cnIeQATAlcpBxUEIl7gIoE4YhiFALpGZTfRPbuhcxu5QAVpPz14YUDqUNElWc1kZ+TGbgq5bXtLmEA5eXiYaLmH/0vz2BUioK7Xy33CcRkJX6r8LfIDmmq76hD4j4U4bUfuiy0EWozC7K0GEntxDw5xumVOmqY9sYHaFcmWEGl/htIB7oWOuLCsP5XQviHvbLpjyC7QL4dmjRjKDnx/U5kz/K5wdk0IJgThsYus7rFwzy4QV21csNm33RIzZXyO1+GybKBeMdopGbKqPKlpUtNQoPuF4thWy1Cke4Xa84M/wCbsTepfq28qQYKAcYd/K8f4Y4bdv7q08YYbRgqEIzTgeGxsx1MbzXtc8RSL2+hTn5PnRE9TiJTrMHkNSPIaz8xlW00kR7K0tfkbRqHYXWhGyagdhK9TcP8bh2ejwY7To0G6DWtwi4tOqtLM/KeKt4fbcrP5WGzaGi6DknMOXly01Uijl/IXjfD9GoU/ddr8Tc0FI6lXywHHm0KY5tLU9SkKW9Y4LJvdWru99UAwElRaNLT3VlOSw/D9Lc/Vf6FYBSk+RYBujQsWL+5DQEyzG9VaFQMyneyCfHUAhdj0iLvD0bVG/CM5VnZj5ReULf5XqeKQMLdygTzv3PD4zepud8eSC1Bzc9QvXMLlrZlSKtK7X9jcD83mWTXGX4ZN2IJxGqN1vbH5GK0cBVvB4h0QfhwwIQY0SSnNcIIWH5jZYkXgSYivkeI5kNa2ZTBiMh0iVYm0zJXqV2anRojyxCtewNxKZJAJrd6i4m6dG1RN8LwjlCjvdS8WtuJdoNuMtORTmHRQPLkIPGSg5HVFlp0LdpUjpu90ZHMNEcWfl2c5SrQjLIcTW/NbOn2VqxxAaRKdGU3w0pryOU0BQcMwjaARITrR4khmET5J/wQkTRNDhQBUoAp1NU7uU7HFdl8T/jKHpdXSisz2Tf8eAv/ADcDR3R4MNm2Sg615n+S20b1ZFV8wDQrDNEcWYyK8GZaoKoSgCaJto7rZqvVHysJ24mh+SdOTeUBOcdFTgZZaNM3uxHpEDyc/kRM6LP5VE3Mrrc4g5thC60rqrMSm+iF2aY0acEyijdhJhYbMQj5MOOZTXWVJ08j/8QAKhABAAICAQQBBAIDAQEBAAAAAQARITFBEFFhcSAwgZGhscFAUNHh8fD/2gAIAQEAAT8hX0k+KYb4hFuJUPA07+ZU4sQL9fQMTrX+tfpnQYCPBKkvRbM4QKuKsO8p5iZ+zjrgxWPEV6+gwdI2UW8Qz+6CFZV2GFgn9BEVrl+plOTHRMw3K6K6V/tSE36K47U3Vz0tbXk9GTMEIE6Xp26W941D5sgWROAwLR65CcL/AAQWW6/mZKlY3gngoj7bMBpn8S7VEMsrellXsCC4/wCjf8Rt0AmdYI7nB0M+oelxXMp2PpUI4hoO58MtdfM/LMyN9+mBUVKXfDmBWCtdkzaJgx1Mv1A1EOK6mgdrm9ylRhE9ozQzEzaF4uYIn+2OhfQCczkPQ3Px6S1+eSUb6U2ajt++qQDZzLi4lHsmf2SoJ1VGrlb8PG4xYz3Y6GWy1DgmVihMbWY+GU8Tkwe07PQc+4cBRAHper0v/YEwlZxadJMqMOZVSujRL/jMPPMsmoCoNfHGd4mZq4Z4EYVZ5ldLXzKmVPmcVPDA00KzGu/enYrsYmXH2yuhf8Jbtex3lSjzAoUzDEif7MhNptBYbsqf8liV0wlNTAtCKvYvuJbFZQj0GbIyRMnxGumD1H0K6WNRotanbXJ/1OBDy2wm3OmDhPb4OJE/2RCbw5mK7PwiAA3+rEvCiyVdmL6lQI25NvnbzCQ0Zh5ovDFZ0umdiV9E0/QAZBL/ALZ1Ml2O3E2RbxGlDqVMlDAEazvHxLOvmoNqaR/2J0DMuY72WsAB3IzUBtZmMWrG5AKHO/qHSxuC4YxlQHiic6NR0js+hs+g5VLlSrlDgB7wqjGFYKaYkyfqYrpeswL5Id/qJYAL0NEAAgj/AKV+mdAzBa3jMtiU142oODllR+Ec+5cB+z+YdUg3ZySRSCgKuPEZVww181avXcSq8wW/EXiFu8+oB8OyJaX7o23KG44TU2+I5uPHl567/sDp2Ih2yhfQUBLt2tHaVkMudQQYYowRAVesQv3By61Eibus94TgptBCpKYK+NnW8w7e02DsTn6h8RplhFOA6mYOi2xr3iLoBtIA8BFFH/YHQdSyNBc75/6kboYvcMog6Q74BRsqBTG2SviYIxJyaeSUR6jMzuywHVREwc9F/BvYjUtF6eYqF7QATTMFzg/4KZYCWcDHgh+Yug+h/wBgQzIQ83aamDgpyFQIFzfBe4VOCpxfeCppTINQmiDx8mEFm/7nmV9joKNldBPaU8HR2LDs5zLkwDRiUHIroOfZ0Ob3VgIOpeLpZ5Jxe4jo9DAK83wY9p2WGtry93QccY/64+F4CV/Ite72mIbajnDtPqbXbg1A+bElR+H0lH633SjCschKukXhdoEIr/I9QBc/GBAKr1tj2xJ+iRUnxDR+J6AamEc/2RtZQwkx3HWeGV7shEqv3JW9lf7TFF0Mfnf+nCCX9OkEDPZTOH7o8pWIvbR8Slfch9FJrh6YdlFQTADYqAAtaIRLuuKrv/0ITxNCyz/1ZtYccqsMPuTDnBLqneP0ph6EyMZnEmRjxPOqEEeyuUewe5xtJ6WARwpsmCB5J5f7EHStlftZXtAJoGTve7A6V9Zyt0EartKeYGypFXN7rWMMb0QjgNFZe08JNS7V2iXyr9TwRMHdZmPcXGClt5cE7OYfeBAQLUzJhxLYYu33mfKX8xps35iv9YMyTTE+khIcd+WB/g1NBpuH0i1vuYQwznKcsXhCwXwmBztV3CNXtMo+3p953BQw6q0rTX6TxDJLa91FpcES1ZKhoAoMzsOV95cjuswQRJUqVElROj/pibwxI/5IBIOg/wANgM6G4ibh7vqcwc45l2CLbqipjp4m/g9KQd4/fJSQyYzJeSPg4VBQdh/HS9U7tDFcq9vpxh/lmBO9dUfhD0GWEif6Uh6Td+35RiCa/wANlK6GF5IHbT5bi1ErnElIFdNhH8GU8ZL9GZ4hH7edEM398FA7Syhv2OnSM4ry6hwcuwxJOLPEEp0k7X8Loz1jROHL2lo8HxFE/wBHXQHQIiOYpGy3ceJwef8ABZxAnFs0BHQtr6M/AT8qzI/KGaXnjH0zIeWFpK/ue09CBq2PM8Up9QkR0ywliu//AJHw0eRPEo6OCBxDNTi5dHAKxzYEvisteXmUMd7EA/fFQ2VZ++Y05Hj4BsP+cQIfArQL26hhSoqh8ylO3M/wWZOwYbrfrZBWs8VELKjlJsd6l7RoHvSW2SMWaXBRPX1wW70w3sp9hdEbyNZO5BHaYe8AKIXjifpkBaysT/oE7Q6D2do+BcvZL2ZfcwqFB+4vsMAaAlSwZ2meCCMZexH/ALbVKZZdcQQdH/LIEMOpEcy/wm5bolZo8wawUyxGOC/4JK8RGL029AhjFV4ibnuYPhwmH35O1JnPkWxCVKYO6WA8zxJ0qNXlbxLCr0mGVit5TrYqtuoOSgx3PzqVGJk4Yi12AhulgU3UPSx/yiHSs9Ec4/eaYCtzyzLCVjwHMu8ukTBurupU2C3L1Bh9V6bR5i8eXRIvrvMzWu2aj/4mHBh9uEt3hG4M6h0r5hoV0qVe4FUC2nxaS1ada+DGPPXpr+kOL6WPzf8AEGXwXn1MzNNvS4ndc9SrjYMCXdDhNw+BfYZ+xGvw+qMMDQDcTl2vwJsrUJnFyXNqGOEzD3NuB+yBeaXLO2WY2whni2RD63cmASktby/KguWdxKThjcVjuuYlG6nOMf8ALnPSx4wr7JibejgxEFdqZbWZjZKrgGabYlwBAvKwK+ncWF7RC+EjCcGWY1TFp2HCLh0SjzLpwsv8RNO0Vdp9halwdZIH1s34lvhwKFOadCfDPintibr/ACJxcc8GUVrao5g3XUfrXL+kdImi7BOxOJZ3qD4ItZQ/aZBtMPpsZnAVohvB+SYeVCYiYUtlxUd+LtmHAKm2hwPMLGxk4ly6RT3I7H3L+u6UNfl6LUqvkblFaSsAeW8EtZbKOiDYuEwDXFIxkI+AA/5BDoGpfVxiCZUeYAPBCBs9AmIAYjzDXrQ+hcuXMoQ8ym4L63O5hjin9xzObJdQGqQYXfkh1N8sCaIvvMwXReoYxnHEXluqft9fIvEf4Is3k+B3iNlnYUG1N9oAIF1/CUFh2lAIPHXCWQsgvMO+l6P+MdTEufmZmvSYLcxunglfu9oq/TB2mmfzG3dB/E8ZEh8rlygtgmP1cYot8TMI9k0nmO3sJRuXljc94Hqa24qV0yU/EKn/ALhGVcBcUXD6zMN2/lLUWJd3uK6mvdcY51Zi1gdO8QkLFL0VlgF7rGbR2vv1FIg4TtPJ4Td0BGV9O/okqBBDBKDdSg2aJaSpv0lrhR5IdslQJYk5j5g+JbFuozmcYG5dbmJ7swMOl9FMMWtTW3omYSxZC8+ZfpGoB8AI1lVk7JjVRvugRkBUBLgMuCHwsXjEzKFCiDctQmMjNQQHP1VDbiXGbz4gYGTDUK6j7iEtyKa9R8MnVXm1e64BovcNdoJTYfGY6qT3Y0tfdqi+tKGCRVTkTzLy/gawkT/AIdQOgyzMQoHNETh4wAAMEeuuiFmHH5pZOWnZDahntMnect5MHXfEq/uLagD4QPEe2acem5rbeMEtA/8ALLjY8zYF9ygWeYZ5MM/MdOU8E0+xSogu8V40fFYrSIZUByYYH3TMaq28wDL8kGH0qWjwk5lb24IdJdSuO0sfcF7cs7cBHBG6wfaVdl++mg5k+I0TThjs6hlbRxNxynsTsamIGE+T4iJ0fqEHXCSDqDIQNdal4ORjIWQ5M6jLPfadovWsPO4TeSmcaDbH2xhh2VOE5ZwDwqYCSofYQSm/vzaauXAYfe8wJinibnnUPiJIu0/DG+hzaCAQ+kfuiQ+6FTmEwwVtVNbvMWaTi4QTyx36VEuV9nOh2m26s2pjKRUKIJLIeBJlUPvKYQzUBPBAfJEizPTMEfpEDreK4WAt7xqM1LEHZr8SkvS1gs9gm8JmlQeIdWDzNPaaPRpBPf1eIuHc8pS+CpHmX1PEuMDtcyPSG8ics3BcVdWFABo10zo2qgAcQ+PIsVfeIoYt9pkJ4NRfKfxElLzEk0/mWtsl/TYzOmFReNDtDvOH/qIcmvgkSKpWfU/QgTBApVyls9MxcVZIr6OY12ljQj0j9MfARz0SpUCCCNPm5nInrEfKKCBUW7kJXVD8IdWPAVpj2SswyprFSoQ/Z3rRULe0Ov1py7455mkZ2eEC4r/bcWowIUFDRDoKD2+YNjyTT7CLx+8a5w/8iuWhQNKJUuHiYfJBdMuDLly5cvpcZUOypkAv3jvMW8hArq1Q+NdTK848E3jLcQq1KOGNcTBB9EQ62RcZjiXJdWSX8kKq74TmWlEMvo7QSDMQLln1KA1uUwYkQmwQl/AyxuoqJzvb3RXG32EFwUFsv1GHobvtQz1xYGXLiZN/mMEGDg+AZXv8yQLJVlAibS+JfVySmrhTFSdyKqQqJneIDZBYfeRG/wBMFOEVqA+vzSvZPciTYfeXH25mIUx5xE+ON0h+VhAXR5OYzCK+LGaT7o7JWDtFwdweZ3LC7SwudhEgV8RPUFYSmzoGJ9JdFmANcLuDF1dty9nzrcO1ULLleP8AwmPLloee/QE+GotS7iBcdAFR7xhe+vjqxlTyWML6n+UVSZKr1LbgrvmYo7JVc8vSt924LtIzUIo8QxD6NO+PhuAwMqniXZrkh3Mx3vKP9cdB4QmAfZMteBK+6SL39so1DFJmjT3A/A1ShCX5Ny3i5blCQeZmA9xzSS3eGPUCQfB6EyWl+opJ2e5nZTjjRB7IZ/6TkdKndHI9FXWKt/icoUSADYU8nwgT4kzdXRXw15loPvca6rccjhjqRKLPtPJqmWa5muNbE1PhzAAcECk7pfqBUouQv4MZjHM3g8RB1LcbuJzZR5mAmeZOhlhJUZfaY28XQdVarO/qBRRr4d4tE8HHWonQXWmeVieot5zwYFmXKGg7RkQVj1DjyhN1vQktjVLxgIxmmeL0h6JZO/kvQv8Ahmx31BHT8GYgE7mELyBB4AcEp2iKY9l90ZpgK/PQjOvvJLNgsOiEbKfCTSwcE6Aj8B0vA13qCgrBqP51gGh3jPlldsrCK7irUqB7y1SuGz7EM46MnPqWoLx2jxulUhGhvT2IfF6FecIltHRbAoIfy5hHmLMIzRBE2WMINwLrzDqqFdEF9r8B8HUofvf5mCKYNoaCZvEdYr+cS6qGycf/AJxNGHZ7n8RvKNdHLGc/Ss+Jw6hU5qL8EUc5thdC5cVg2EGTkWvSpUNtDEj/APA6V7RhGQncgwIEsO0PdFFtGp2+sehB08hDq9ZcS4789piTeF5zACdkP1CQaYkKwersVUtQcAh7V+YDRyi/hCcxR7su7CwKOpaUNS4ssu7MbNi4IlZ56Cw85pN5t0qZkl/Mdnph1uLvPpAABo6vR2EQftBqXZA8q+V13yIf3hfzow+p8xh+BEbekwPt/wAlPvn4Seej0KToxLl5G3UwY+HWkqXFo4M/M0kay3yKxLV2MXHuC6n4MPsoPfowey7QNvIRDrNiOGELcWoIk53lDT0vUJYd0Qy3Y9mWkOzrJ3l8alCAYQq4bXJE0ubHmOEEpFuJQ3XR6gdUAUNwwNAKu/LEOw8s5n2ktKytrLqJEiLfOiMDLHVQu7ggZm/R5jpJbDAdD7SxHX3P7Q6sN1oLlQ1CrWMAO40i5TsGj5C5enmVBFJZK0qHHeCARqZhXdmJinjpKEEySrvEEOrCnnmwPZBwznV+xMAcaqGY2KiFLKzjcdA73iACrOiytRMiBRlcMyWHQx/FEjtpqYJLW+yEQMQH8R+ujK7cTbofguyXRMcCYVtmPd3dn0gALOCdjOi6leHt5RB3NDPeXzwbv/qIlbwBu/f26uBiM8XGxbKJdurUnRY+udo4jusG/wASfYnUWJ3JTTkU6RjN5knjpjsi1Kt036gAA11uLK1qQHEKq1FUdG/nXU2iA4x2YgUuCyUYjnMEMDLHogUKUi0PgxJ6G5JjzC2YKgyd4Sa9ogvHqmFbngSCOm550bEN94qJaFgV4IZUfgzgGjSpj5tKKJVBY4le5s9np2+BxmawGl4jCrSwGIrQrEvgeJClJG94gU3aEzGmf3mN9hdiUA5O/ELMCmq8TPBntFQANqxjl8miOVl5UI5oFULlwjFHgQS1B/dKnxD3lAtwDGiFOSGbss9EiRY0QHkN12m6DqbRb9szzUGXeysu0Slr9R1WV9PllY+49sdlVXlix7BjvO+UK2CXLgFX8WMS2itY7uBjxdFdFiQON0tKim+4w4+5OT1Lm2c+JfVajCwluIYIzmXp86egKQ7MVpv+MoJ0N+Y4rrblEGFHIwY8PkXBWmM5XPhGqYUTki9MAgDZE0bTL5TDgLoaOk49W0VMqB1U2TliGgjpu0XcHQsYymsQrmo3Ng5rghZYzuU2FDPljEIoUAupeIKSX7REAIGKIS78xrrarqzb2E+zoSwvaCh8T2SkuCoSPIywaVS8vuCTvqwTeLF4ijzFfiOORrf6g6Oocv4mj3LROzgRtNtS7+CUKNSp/T8MoR/hZc9rJ8KBOY9Fyl0JdMnQa6Lyr/ilQI5EcDTAlT5OY6B/GxuFHR0ntmDYPeVowCuZU6uxoQwS+B4ei0ZjqBUx2danbB/MdUbaMspZsP8A82R0blDkZd4MMtwciGH2j1fsYrXMd32i5zH8g2yZt+5awM3PbvAks2g5EF6TflNQPMWCy9wV6wmj+QTZZngwTcc4zKxaVoBY4VylrzRdSO3mY/f03YckpDYcu8YI7LYAcqiS/wBx9Sl7LtczeugHHoZQvR26S4vUtxaAJW5Fl8xahhD5Znk/3oy7iykGYRtz8W5Xn9g9Sxtd05KhDo66MoGPaYWvSbukTVKKsHME0xVdpvO4NQDVyt0wBfcRLMxLpFfWKwTJP1pshjX3BQJiYOUIGn/9MJRj/ontKdoaeSAqgG5ljLz6hAANoXA7TMfj5ceIB4hTkDjzAw0y7O6YAL5a5vzBL/2L7h165VxAw1aubI/g36NyWP6R8WgKNBADe/Z8VD6a5I10SQqxCpMEsXrqq5j8TzCDYQDUZBl0dpRttmPjxGbRe6s+pY+/3U5BgY8ZH7sr7vboD0r0dBt02b6ngzD/AHLqZCOy0e5lq7DRLpuZtxFQEr4Wb9jNS5gYXUUv9Uy+mQ4ofZ0q7sfvH+EfUo66JuWO0wOP8zOJ3HpnYmBhnDcUYZeoTQRKaGZWrxMyJyS58sIbp8j2jBVrNsRWi3DC2T9r/wAluOZWNMQRdHsy2iiQWIAVnR7PmZaZybhyLY+oRdLkgt9au+eJSAEpOU5lPQzHdmhqc5y+TGSDEwN+ZmdNncllxTF8cZSCj1omqUEza7u0rgAIEs3G+IhtLBGWESLdQ4M8lgZbeiwOIwKYbxHYsmT2JY9mMcj42FQ79mGMZY2pZLsRiIKBl/dqeTPzxbmAJnM4D5feAcG+P+UpRT0clMULNB/dAbCJHT7NnmAnbAXmyG5l6JX2N9Bmfsw8M/kJQsuXEeeQlGC42tkqo9eZebq+z5JU1WK+8bat3zcWXDKBKnfhFQBe3jzG/wA7H8MFOhAxvpTYYA07XHyGh7yjpthPWyYiAR+aTl0vwjMyTSmxh5RZ6ITworgnhYfmNLA4g5MdL2V5uZQZ3LJXcp5mBvWxR2ldamo8TCP1Q/ubo5mxt89R+8og8TsNLMNldeEWI83EUpXGYnA8TQpXzNq+LTCDQxaHijehKL+fS5a1fL2+piqYJmbklZumn26xkgfsu0X4UQ2mOSPSpyOyaOOShyXONkaj6Mc1v70Mf+axi9DKJVhs7yhI/l+fc3VCN1Bdwj6iJuaM7ea7tx3HV2Nxz0ftMfdOU5dRDmHMAUoFeJTTKv2RLuMkU9ZmysVB94Jh6/8AEqQtGJuu+ng2IeIBgCPwOFht+Ga+SAYFcdoef+sikdPzvmxUZ1A9HEmfa7EIJmyM5NwIh9KoLHIlVsr8wORf60MfzonfD5jLiTIP3JoPoPE3ePPebismzobrnlj8lUooCan/AGzmoCRrjVZSNrTGUQ6HQ9RlrQA7U7wRstO8ZxNfASjEF2CMHEOtQtxuTnTB77yaGQXnxDOfUQTVFSeWO25p9oxnFQ7Es98uh1qziD7KorXpYrty/tMKnoGemMWzCV8L+PY02XzSl478mVKzVjofissTN3jsmYqyzDueCGG7yYPUuz41dpfJs+lgCeTvA124lXDJkmWKPrn/AIFJhOXqMYgYVzFQPOGXNA/cZpjT2jy3L+YxipHJCQiA8jpFYmW933iddH9MEKsxh0KqNuCcaRXllxVBeDXiXRFQeowjpN4onmxt4UxvnKF8TBGp3HyqYIsvAP6jVU2/YYhpkBP6oyO8sWkvEpwCJ+gSw+SF07os5J+86C1xgiuV5rpqqMbwtBtwpQ8HQNMFRO2D4gZ3LxFRMTIDeHMEyHggVqC+wUzUMbPUfpB+pFMSncvuLhe5u+iUdXYdmfrN6GXNPZ3l8mgB15joCk38b+Ay12YSVjB9yNGzKHJKI2OyDU4FQSkmj4ils6zfU7ErrpoRUtcUq9BOcV1AWQJpWMICikc8pmnaNwtqfUCZfIBW5dYeDFGR/KIRXgqPp7rUslqWp4jQn6JFZzRPtxfQXldw6XkU/wB0d28y7r2OieACAdSx63XniMZlEfDEHYiWPQ3zFsZbCj7P/wAR8VUAz8DllGj3JhOSXKNGfojVZJlOhBfZYKSC/bQO52hX+sxbTL1B0VmPL7mktAa5qMv4a+NHlxEyAD+9HQL+6d5oDyg4powtCYPbMyGdV3DauiRV+1tfiWpxC7l8pUEZAukmK8gHuAjss8o7HyA/xLnnbneIhG5crEXTOWsWRSXbMb8Z+4FJlF+YYMteZ6mINPiYSM6+smpYhTMrDATN7zMpcxZXgvzK641szlc/Flz7KGpiNmZW3cThL4Jtig8SpXVhE2FM5V2PUOHtH6QSb2d5abb2Sq4hZ2S0Fezv5IjohMRVmkx5OQVDbBCuRd+PkuXL6kLBG4Op37B0uazMbzZAp4ufSbhQXiEtsaR29FWkG7IlTP5E3mtkxv5Z5jXOJWI7tduZq9Tn8QLv1CSipAeGbK9AxAMADULk2Q/7HMhJpUIE6/p6QamUcito7XhM13h/hhoguE0ZX6hodGOs7CfrRMzy9PwYaR4uJikXHBBXyZpOEkoO0eEH0gIdHJVRLJP8JbBDvsR0muc8RdSxmvx4iZKRCKGgckXe9LhFPoAKzKltWruJst5lRMdAS2qrad5pclLgJl37IKaCXXbpwZbKhC2X30BuZtPw0doFfU2QSoZakN5h2IZgYkL5QLmFtR702zp/MO8y0zM40geISPcQwWZsA1L0XJWIQWwHeG6tmJs0AnkZTuwO7EBLCsDc6gBuU7wW8LshWoOeWEheCHcZ5GeZle7PMzzMe4wS1yx3UviXkEZiwZle894+c9p7T2n/2gAMAwEAAgADAAAAEPONdbpkjrvvrgggkOusln/vvvvkwix09/8A/wDrIKtZTeDIEAQooB0WeaOqKui2qUG+OsV++++vP77Pbzz7n/mOjfLV9txneosu47FVWKGe+m++AC+8NOX/AP8A/wD/AP20ww0+/wDz0FrqL4+erTHHJIu6iPtr6Z7jAAQz7/tf/wD/AO/88z09/wC/Onk82wPIaxxAoISIQaVENjjygU86qr+tPPv/AD/zWX//AP8A+Pm2vfFEq/7yUYSaudHjdFv5o548MNvv9WOcfvDLHKAEAQohQowEJ03vuEspdVPINUVtbfP8/MtsMvGXDzzyQzzzDDTC1GLZhpsFFfwxRvW61ixKhiNd2HZFnHEQzDBjD3z33w01nyTO7mNNkFW0FmvPODugsnOVPs6Rhm1nAwwDUE/Mc8888/vp5/msEEEEFXmnSJg3qGeTBsrhIkbwmHz898PPPOUzMEBMJLagCkEEEEFEvlP00Q+8FJrkJGltk5ZY+/8AkMc84w884Q2RdqdOK9BBBBVpEuIyNREhU8El5zbDU+2mAcuKkMe+++O+aYHSbji9BBFJ6FAK4qw8998do75tn6CeQzO++Uuyy2+kNEpPNw95jpFD3IBlYhM8t08889sAHz26vdv/AASR08espc9j6+qSxEwx/wCsQAtbEBWzkhDjzzyS8l8D0Qq7MmH/ALzRtjvhu6dGFr0BJHAncWHcjRZkP5I088wzhjXnEwdgj9MU84gEc7Lg7Cr0pXTM34RQB7hBIodAe8/tpyIGvbDTXjJRWqMaOVIiDx9o9kkDhZnYFdh9ppc/1GpqBDHYWcM1TvyqUKLC+KbZ4f21X+r9Oyol5OzhZ5HM88jQnle/bKpCF7MWLHEnZ2+G5nSJz+Uqf9+UQNHgHZ/hNM5wJl6oCixOHEW6Sm9LTNZ+vVATCSq3LoPbQTc8PANdUadCCBY1ddr9MggXA2gIM8R3UyP5NsIllvI2P95DQ5Zm8cVgBcKGksH5TyvZC/FWAzJzUiXNWlO1O3dchqm9V83n60u4Z4X/ACa1YQtSpyifVa17PQH7SViovHhbkar+2XXOcS8kH+Jw/wDaJTIX4TWCrSmb5cJCJkr4hKlFh0HvZGt4mXADSLpVx9k8Mc3OwCBzWYLwp3Jm9LMKzjfwG3sh5rV+KjQ4MPdizFx2hyIL70HEN86vHDCSAAet35xiNFOE+wKBPItEe2Je+Lz8K6iIrrb/xAAjEQEBAQADAAIDAQADAQAAAAABABEQITEgQTBAUWFQgZGh/9oACAEDAQE/EMmMCx/goY/+AO2LZYeuB4eH+2Nwdw0NIsWyvRIvUnv90jiPI+Gc9Eh3KQkt63QHdvv7pbDbI1jTqT75222HeckJOoa1iayyz8W/pZjITw4FMsLPgcbbMvV6hL7mT3FkcnR+0XpNHLLENOEH2y75y8ljjbeEhrYFrvb+TfhtvO2228lpReZTDGc5MsHLLRbM4wttjJsjkhrOd7/Dttts/mdYWfPnh1fS4BZx7D9rFtkbdfMtJSk2/F/VdYRn8Od2cELln94PENlqRbwIvX7R8Px4bcn7XiI3ixi0eSrkR7skcDSZ8d+GWWc583UtN/Dpsklsf/eLMmW8LHSHiAI65GL+iB0kJvoWMxfT+DckWCxbFmyTb+Mafoey6v3LaTkgfbvgT5+ctYMlOMK3kw/A+GzdfoYZegjndnc4CHXyI6htgZF5Lbfjnw2WWXTId5885yyznI7Jf9Ro6j6eofal58EHtj6h4LeFlizbPhvGTJa/sh3ZpCz83VthyZTwjZZmqYb7BCPgNJZ9ScPxZ5ywsfclnP4TViXxP3Z5cBPAEOwcEfDeB3ZwyznZvedv5iBlJPyO57DPLPJEF2LedQw53Z5Lsu48+Y2xbwBJ8Gp9W7BJz3ukT213IfEjNAw+L+47T0nljrg8bmfhG3ld8F5s4J1bwPgBO4Z8DrGPLpEuoO/xGEz8GbDbPSXBGDqGHBDe7xBwQ8zyT7OPIu5bJB1LuwS3nxy8fgiMvXG9oSWcFh1wRn1QMsu+FltyX0YYaYgbjP3nEnweDfbFuhrB4Sez11eZlwvAXvwe3Ylyz8jXq+6GCN7Rdorxm8uzxg7OB4isHSe3YOPkYPHssz6J1/kC/XEGRPLZ+A5IAtXd/loA6IA7ttyL74JYw27AIMiRYx1kibxIxd441h7C4+2YZ3GPU8iI3/730Agvvv8ALZsLJ35923fDBfcM7H18TrewW/qxrYGx6LsHjTXBdngzGOnA0sbigPPgf4phnpjH3xOMHJ8ZDTyeRv7Qk/ntVeyuokHq7oOfY+z4ZdBKLYa4XSW1dZwB3lsYIsQw9kXctsGHxZaS2PNgH0j/AL5M5xi2h58Vf+X8XEX1H4vN+LryXKdoTtdBPVZ9y62RZts0ssHQnWfhQl1bbywQGPpIS0n/AL4BnjZIfflvLHOTiY/Gaz1to2WXvqHVuE9Hg9lm5lW7PO431PG23//EACIRAQEBAAMBAQEAAgMBAAAAAAEAERAhMSBBMEBRUGFxof/aAAgBAgEBPxCAa2oS7bz/AMDvf7pE4ctsTD8DnRO93aqedxIC1ncueweP85Ioatu7xa2HEcWw5Ky1i9WYGMgjPywD/NXLC5a9F4qW8urCQ/BBscero4T/AIM/xd2GOw64E9QtvOfQ5eBGY3Qlpr1Zzn8z+miX1M7k6xtgO2XGHjeM4yCxg/LS4XlAYf1zg/pkKimWveXekAm2XqFq17ZIOp9SgjAyIOcs/k/1E63et46kvyuF2LN4w35L83UWnXFIJjHcYAf5QnuV8bb9KYWj1aSeF2zbnFDOD2XX+V+3yX+JGYW7KsRY9bFsBe4R1ZLqxxx+8uHTf4ZZZZzn2ItifxVqT1E2D/y6CzvbI6tDGeuAh6l13gc7nZjD/BUIA4quyf4dRYAlCXZHp/AF65yWHf8AB7pbw9tnk19F+s9LH23dihn8HJZawMyI+Gc5ZwcZZZZLCZu+FPOWQbautgINy3S6s/gdtlqwHBo7dj4z+fiUhLqeDZZeAQv2PJIJ6bL3LKhfsM+8kw0v9hA/1aSnk+uM+Mss4yzjeOinvjsls9b/ANQfsB5Lh1Ltml1dGcjw/STPveuTE/q09lbQwv8ADbPiHqNwt4Ord6vREJlyYxtui3notng3aseMWx2NyHw27JO2Q9kIx59LhttYFsHy7VlXY9mfsheuB3HHWOurC7FsyT19FuWlvBwgSCOTC7nw5MI8o/gkaQpnyuX4oZy6xv8AWd3Vjkd34XfeccJ+As5Pbe4Y7jhw98inUr8kYY/C5RX34eFp0ypDG9Ft7JnAbEe79c6EkHGWw/RDlu5eLJvFnuvgyllAdpMgJ3MHUaM+nwZjTJMi+QCR3BndkeASZ1w85bKfDhk51HVboW3407YM4R3mZHscaLxC17GIei6BGQNldgfgbrbOiENhGztGyaT7yKvdnVkaRK8L1XTjzDtYrM9wjo4gybwZN0hDTgNcsDgaZKO+4B+lhHyAbBm8JPTptYPsEaALu1eob1+3TfCdSS29nWLCcy9kQywtjGFgQGAtJLBrGgeXafvCZz37ye08mOED18EMq/8AnaSXd+Y+FDsn9Lu09smvZb8kiMf35HEZeo7s3JacDqfI/Y59wjGA6I2ALeV++wer5Kvznel2/osw+w7ykH5G/wC03QPLPSI/U5Jt4G6P9/Jvzh6vPxFhOpdxxjOpbZfJjGzT1D0PGVfnM9JNaw18n/7j9lKI35HR8n/q87R1gSeZ724nlu5LKaHDpLzgxry23hsRE/6zYPcSgntLp9vB8LtvPweNqksjthwu5w8J98P5dSUttvB35//EACkQAQACAgIBAwQDAQEBAQAAAAEAESExQVFhEHGBIJGhsTDB0fDh8UD/2gAIAQEAAT8QiHPHKW2B0wUHG2I0AMr4nlqblFZgVD73ctnOEUi36FRPRXo/zMvH8D/E+jH6WbQLlfwVcENsfHcaza3G1RH7zATBmoBpwFy6jkJ8RVW1MJIx27IS6GZrslg32qBRVjkh9a9Rr1KdjKGqsHjyw8aCkwK4PYhFs7Cz5PRCKdgx8rLsKHS+mplRsRER8emQXAXIv2jhGpKjCfVUqVK+mpUTXrf0c/xPrX0X68x/hDJBhBqI35XsQWVnCXsc3gju3kPicxErhuIGJIgRZhlxFHCxOZSu5F3FfoajD1qUQPtEI7q7X4lBkm9yeD/YBjKdVvK/1L47TThO4tCHNfYRZCwJmVQ+NSYqoCp4wRWTyHH3dRMHJlu6+ZWlu1ifMWWdniCG1ZhzElelSvR/gNej9VR3/IuPqR9K9KlSpUrxKlTEJsQYMqGdQuqGjwbYaV7grcFuG4DDeDjdwZ9EeHhKA5My73JcXcFMBtwzi4ajB6Qsg+mOlPf/AGidPa7Fv5lbvUMYq3fcMFr5DBJiy4z2+Zn7BY/fzM/1VceV4lXxllFWA7Yh1eGPSCoANAYljSWYqoN2Axo4GLKHMqsekkrMSUxMxH6E+k16P1v8J616VPj1Nej6vrUuXKm5FmUAXjzdwyYtVeMahefS9mHaw7rlvk9pa6woX2REgyYg0xiTIx7y4+XobiqHKxNIA2TasX1cMTGUs1bq6zA1hLlSo1w30QwEKay+6XwLytb94Qcg4TuNP4RShFa2xq5WC6A5e4LYwtuEK0u1bP2i+ux/pJaSwdQeDhnAnj+V+8ypBTNpXp2lehb9CLj6uPSvrqVKlfyVKjOfofoqVBm8YFWgjgLpT8HcuE7sF+8xlrYAgEwjYauNmRAdIQejqPnklrxEWNxfUZlDRhL1HAfEEORVRXl2xleRKjcL9WVK9MduFFkGU90GUuDtBfd7tV+omcrsw/7MbHyL94o37h0O2G5M91Ayoi7/ABKASNTPqZZVKfVz9D9XH0VK+t/mqVH0I+j9SLXXpYQUoDtI/iaC8o/qKkjVURfWeDMxsNQJwCFZsVDTDtA9y4yzhwncrIJSPcSHqisaZbErPLFlxJr66jAVAGVRkCKyriCZuleP9SxCBnY/5C4thQ72zccbPo4jZEqVLepkm+URPR3j6H1uXLnH8j/Df0XL9Hfrx6XLlkuKbkFxYb1E4IjsIRylaS7C/wC5lPge9xfQAGq1k+8XEILp0vmECB5O3+QshCkdQdnTHGDEAdUqXnuPwuWPXhhLwHrcNw16UymUymUypdBPLBtNn1f+pffvB0l/bXgzDY282F9/EphFrbVZrfhK+yXLovuWKVEMkMN0eZbs0oe2DEY7fTv/APHf8LDf1PpcvxLl/UOoQJQ43FY0D7yW/uANKb91FzOvRqMDdl2P8ltjIXHh4glMEKFmnqKGKLeGsSwTMKNq1/spirQcsIlMCPEdzj6sPiiQ19LneohNFy5hQoKOibhLgsueW4gr31VQ2slgCHw7lFf5X/5TEs9in3mK9laNAT2gQSRK5b28sIwoM+ZUs2jt/jfTn63+JnP/AOALYNS0Qg4kZxi+Vx+KgBw9x6DmI0TcrI7gWyuJgiuMZgPJUIDLgA3YsMS3iAoqKMss0j/1i+zKUMPmWo/V5EfRgKAlC/C4SiYpcQ19BHKogEe7Yg2drQVXhmPG+SphgAoK9xZrB3KCzwYeO2MFHLZtcr7Q7uaeh2x9Ll+ly5cuX6JK+lZcfTiEfoYT5iy5bL/jfTjNiGBLYR8uYL98CxxBZHBnA8QRcM3GCxVTW+LMSgHCCydPBBxkN/169CNvRsELFYZqUAVadxySAPZLH0ETQjr0oovJmpYpgH5gATeD5iC77IMSonoRrDDFoccr3KTpl00kptWnw8ziP0iZGg+JUtfxr/8AIJCgAJesxel3H1WX6XL9GXFly/S5cXMubfpfVh63L9V/iJpBaS1grkqezUezYKF6P/tLo8J0hF9qVfdlhpIrLfbuA6Va1EsRrM3D1HcJ3q4gGnDpyfiKkdkCehL4uL6cRjH59LrLqJxi0V0EQtEt9uIubmF213LlzDLTVpPtAMawHC5gy6XEasLGBV7Sw7OmORxMGtaWPDKGAmWwHbNiQ25WEr4m6K4s+j9b6MI6nMElz5i+pLZf1Xf8Ny5cuXL+gh1FxHYdLvDviCkzDGUFw+okigliFRCiLhwJqKeKokmxwL3eYT6iFQPpOYGxrnsKYodXwDlmeHN0RlGQ0jxAzicrdeIgCFYPwEG7qDgwEEPGlvnMqHjRLsv7nMoNwh3DXtiW8oDDDbxP+rlzcmKYd6nJhnVnb4qW1t/4sYztQ+xDj5bPHMY8pOQoFM25lnPo29H1uX6sIxZeJz6X6XL9D0uXLl+jDGfouXLl/wAQgXEaxGQxHUSGyoC17MZw4eMzQKxLJiotP7medbNSUECBK9ahm6Ul3XBzf6iBBTU0NHywqdZ0r3+blCRAagvFHHzBo4oNuYkwsy78BuXEYMUSsqzAeWFFgLT8soU5szl5zPzKeJlKigrLpVvaEuy8DKTVR7C4zCp/2Ii4hP0cBdeu+GWwi4MN158RC2KqSnqTgg5XLrizFNvS5eZfotei4suXFl+mPqJcuXLly/4rly5cv1uBLmX/ABLRHaxBwgta7vfxEJC2pl/sh8lUx1Z+YAEHFrbBKgSq+i459AoroZ1KQVk4CACMmrOMxsaKA2wZxpYZGtfEM7kmZF5ejIzkPbcSfJy/J8S9a1VB4O4iDQPmbmLL7YZLBoh/weGKn6pAXf8AdQbRfbW6u2DSqwHhKPIAWkOZSEGh3/s0hr8CxBraXgdnzmH5mtD8xbwQMkbmlehI+r6XGPo/Rcv1v0fov+ZZcuXB+gWyxlrVSsYgK+jCwf8AZYYVnL2PL4hXaVKOJSVAlMI/UkSISwija1dwNsO4xZv8fmG9M07LNwSlCV5HsgS1Pg4OWBeoKHw5+YC53i3t/kpscr/BHsE48eoT2QWHb1Lm2bIeEAnvUfuaPzKI0fI0TDd+CtCHwUBVQmQKR5IzluLwylJgGqKSzlro8Gz95s0NeSas53NoxJUYplejuPo+l/Rf1EuOpmZmZmZmZmZlszMzMz61K9M+hlIbZbsgIxKtrqc+A7Z3hC9vazPcp5gfSR+ipXo+jGCgsunuEFyVFWuYgZQPMT9YW37HtLEM407/AH8RqyLLUv8ARKl6YRgILtdvjwSq7hK/DaeCeHmR1Ye5DUV+QPzMycP2nE7uPe24/FQ1YocEpY7CIVxuZ1Sl1MQZljiNWVQ+Kmz3myNH6W6ZUNR36Pq/Qy5cuX6XLly5cuX/AC3iLiHoLFrlxPNmD/oIYd6FXywMQP5n0SaR4gyJaA7nZon9vhNwJsMw0FXixfb5gDkw37YIKJdQlNrSHiiVM6LAa4NrFdIg8x7mAe7ctt1v95rXCH2Rf3BO0P8ACGGUIg2qj/p8xlW+nlnt3MJwnTHEYrDYNRWiiwmRNyhZlaIi+gj2egwvJ6/liVGPo+l/SsuL6D6XL/8AwViVDbKGCWlCZNjcytBRYjcOoQ3D+R9HUUa5/wAoHHtOjMKj7VhjB7sNUIAPQVKDURkajGzlR9oE9ivEG1Fm3lcsBQBZPKMG4YqXwEuwqjHhbIqSxC+s/wDkyRoELgMD9kaJp00fxUYd2Fp5VFXaJs+YTCsDlcjKxwdgGfzFVozEtxG2amkNQfMLkVIB21HNaiBuRy6nGkcNRxlcT0fpv1Y4j/DqXBz63L8S5cG4SoGIWmSPYVCqjcEmjhOJfNat5doBYWmqYQ3/ACsYqI1EApoLmhlr37ZUKWypUGJglOH4jVdJhOQY32t/yUnRq0lYGbrqC0uKvjEPojNWk8/aasc5WYQoB8bYfmVBbfmIZe4AMzBWo88rXl1L29V0vjxCJF3e6xN9/eUYHNqh9oybQ+zM7nEGj3YLyAsmvdipcuOWcnrxEFX7Sh83ClF8n+peqyNFV0RqZbHp4ijgZW6iEqgq5xH1uX9L/BcHuWRfW5ZLJZDOiCWkvNRL1HYN2wEoEocsws1YMKyGb9vxH9/rtoahuG/5WMdETRQoOFgMxKFX/wBZ7ewZQ9lAjL8xgdaqJUKaaluNFr7SrTI/jcZ2wq91lAcEo0VwV2ZIQuM38y7iwweJUqrFqVKk0UPfg8kJqJt0f9i2XALK7iby2m96DU3xNqw+TiPvQQkUNhSvMLutiTRJplYF8i8Sm0tu/JeYpb3kuWWc6KnLEo2S+TiLFuiqMfvEayW4Xe0oAWay1/kWxVsDKG1NdzfKrj6rj9C5lv0XLly5cuXLly5cuX6EE74WTg8w1rxLahgYceIuhj+FFE8A4A7IDqyUTrwQu9JauIFkWByQYNvpcv8AiWLuUDUb+Ym7Ce5LU07DTB0R7MLjwIAVEwFMfucxLmrPmiQ6IW5uE1vFA/uFcMWD4hhZzpxFFNmj7wh1gRleZBRMo1hiorORlweyXV9CZAeTiKfaMro6ZVRMwASKWo6f9iED8OJ08wPECVKlRI3jhAYDkLGWk/m0dDGMNjWCr83W5UuIMMHouX6LiXLYuZcv67lw/g2IcxE1KEmIIKN6HBrD7RhgNfHgirTP+yjsb4fkwZcWQI0KmsmPtCLgSWHEFMInYxZg/wAijgtYChFDmwdEbfEYp94HNTsUEtdmryEuACsXzyjANH+iD1DwuyV0u351X9RLACq97YIES01qB6V61YjSOyDIQW0JUYSKAxhazYmE9mKrI5/I7gN10yVT16V6KlVExBDhglQ13Qbgmg2XBhnP1LF9LlxZl/RcuXLly5cuXLly5cGDMvdRKYhYkIiUWaoGKpZYPBXcHkorBw1x2y6Ur2sQ7RbYAK0HUW4M/wDE8wkKbjZOMQQwXhi91v4hq1Owcnufx3FGixrGLkzXp1CN6woPzK3RNLRKIAAaYJTRVj+UYJ2iy+SKniO6NMArQCe0MJAH5I65T9pzD9FfQelSokY1Rte47ltcnuXmB6GfRcQHWguBLqxAr1qOveLiOUC07lRWosyVkahxBq4osuXL9bly5cuVK+i5cuXLly5cIMy0YmiiUW5fLCy3H7wBgwSsoWeYkayLYyTvcEDfdOCckKRfbYsN1mhlUWHJcLFLdJX7+lfVcuLGCulq4rAVl68RS1KazxxDeczAsqW69sTAnT9EGH0e8uWXqO5DffqpnZLwky7q48P/ANlBFGLyS7cD04h9FQ9X0q1W+EbVkR/b6DiLGULQ++LCSWUHysdAi3tCs1E7NRbtOPmKL1Fut05juBqREd31DMFFTnOXoY+ty5cuLLly5fqWy2XLly4KzibhhyQbJYDr/wChFtHW1jCfYBo8wVglRIkQVrmGpaw6oZJ7agzAz9b6LFUQZWiMAC9jzCsQs9y9EQYxUnwQuTVouiFwKHVwl+PiVfbqLgqEsgC2AA6Rf/cgTyWbtq3q7jClS83Y/Gp4tfuIH8bH0uPRcAuMj+XpgXAgR0Opqr5yr/mNBZX+ZYkzuiNSkopbO+Yi4QKdY2+Ylri3mVOqywa5IxofMKM5ehi5lx9blxly/S5cuXLgy5foOGW+jeHJMkUGgFvMoLeZZ4Ds9EoIVBWXMgQeZQwUdxHaoIBRCV4Lld5s/E3+IfQuZcuMPoDI5tUIBV1Yx8RjyhtfEqQyggRnBG9sliZ6dVDlG+pDyQaAvPKvoXNxFUKYKYuV2cMyVy+aDV+1R7gGs7HD+ocQ/jfQe5f1Aa7xX8w+E+8WLyty3wPaPVewcLiviE64Sw6Bb+WMgiwpRdviWBfdN+8aNLdaXMTcIe3zIld0vMpbQVc5xm3qsuXLJcuXLly5cuXBly5eYaixTaG0gLGguNJvZUw66Fx1YuF9QBGAz5h4SxwJkPezgQK6fEu0zzFqwuuIKNAaSgOo+JtD1WLmOUSQNQeY3bZwyju74XJPeGWxm3EYQdg+8yVyVBEZoOCr4l0RUYtcoTwBXvKvEKMIA2Buwikefj8nxKAEE3nMrAsWBi2KEP4mLUcu0LLDyXX3j3WdsyeE6jcubkwhSVZ29yls8+32+IUkAHISvKQ1WR0U7pEY761UeWrh1sQOVWklAaHvoWoqhMzb6IjlKjH0siy5cuL6Ll+lw9DfoL9Ph9HKTasQRsSwfMMJ0PAtWZYU6Ol79ok2x+mNr7ykIcmi2p/c+SCcRG49o1gFtETjgx+GT8zB9ARQZbuNNsEZlCY7cQ27pyRgaFe4qIMC+3ggFhTKl+Jk0rQ21Cty0uIpgNu6ZdUGtPc6IRUQVBA/CykFGITmBNejkCPcYDCBwFEYVgcziAZuaiK2C4Nwz/EsIUjsy0tPh90pxml2MQ29I/cI8nGOQ8rmWyIEt+ZalIawRvIdKUx45/8AkpP5AKfMagFq7+Ix2pe0W5s5iDYyF3cCbUdtULT3bjtTUqXEG9VFvUrdTw+gxl9xcy5fmX5iy5fmX5hLg+gtngnhl+onUtQIwI7iY9ZQNjXH6isSBUxRr9Q0QCgOCBnahdF8wAlD0S7fL3H3nQMhnB21HRGSCcmazL1JZ+JSCXzniGg98DjzDeCB+w7lSoabHEcIfYBLASOP6EdSrYR+RzAkNp0RBrFdCIwqrlVc9+pwIdlIWcFMoAMf5lWPjULSElh2IuHgHb5lDLxmBjJxcBDPlFQKlQMzmB5mi0r0zRm93/1j0ZWAKvzACr7NdQJlK28QopeIOJf1M/q1HvFIOWcIWJk3ZoiRTfdhRK4quv7zPtWHrx8MobSIObjPzHRh4DLouzOAw1X7uMK+ZHRHGlw8x6GAALclDfEb/dDych4uYKgy21xM0GOGZnGICspcRuSVLFJURily5cuXLly/UusQxYjuN1j0e0muiMOY2LMsKyYavdSc1MqpsjBBaCJ2QPlgBRrL7sfEkvMPXZfA9stthgeFuMsFk9kBAA8KY8fysC7KvuJe4UgjsDwQ7O6M3LLsMe+VgAWnvDEDK7fljAO1OI3zWM735D7nictVHZOkymjlooKMQ+i5PgwS3Af0RDCxI+JW7XKXD4jd72dM19DX1vz8QtBWy7X3ljmVpAbA4Yz1tBeUf8gQWSpU7i214Jc0aiw53AUqlWrZUYEUgnTMyQosvKL3JLrA8R8OIAUNvsTRla4QZ6sgtZi8RTFNXhlS33FRULv5meCFxwOkldynEo9TLl/RcGCz0LY2ZVYgdy1qfLUXQFXBBBqnSRmKplUIAPJ1KWhgVNoQDLjUa2XcK/D7SyG3HMDBEg4lnEcHQbr8Qg1Ngqig4hOsoEz0fL+o+LO9LuUjA6Da7/MSFMuV5lxtI7smlQB7SMBRgH7wfGP2zAHn+WMXdHDnEo0vL5de0MCBADQSqhV0z7maGhXoPoAjXiXlKQ25yuyFXpNELsBCxTCFQ01FNKULof7B3uzZAVBx6X9SRmKy1YIvF8kdlEUeRtihs4A/YQEUUWQgSpgl4iWJkjJjtTDKA8RL/lQO+H3JZH7BvzGjuDm/EpLKxluZNu+VqYhDYzFdTBB9dwgQxmsSx1DrMZNLZfeXDGorFzJHs7lwh54vaYl50KTJEJC3ZCTc0VfvDcPcpv8AKO+vhjEggYxAA2tz9rg0oCnRFiKMfeCo7C8XgmzCCUI0Au4TIXgWwp+CKgjmhBp9o/gJaCsH9xy4N33ZZlX7ng8waA6CCVmAkYFveBcIfQoa+nrzMDsSvJWGMRMqA+D/ACCxa66wlTKofFwMnSl9oTYZivL4YEE9vDAbJPHps5nu+gELn0V7g0YtleH/ANjh2IXPiROMVqbr44jNjbmUIRIkYdyqFmJY+l+XteO4HL0G9G4kKmyym5YyXxAGTNJFVhlfENMdvosuXLlw3DnUu4jtFQhkEsm1aA8RJ6RsWytVELUfdqGpRnQPZA0ozdB3LaGRT7mAFHEwIxuBPJYZVzir1GUa68+WKwO5UfV1DKIAHklsBFUUzRLbAoPsERYjI16/cFXLnqDdrDdMrRbyfmIrJuz7SweAocviUb3g4/xmjPAQKgTF8xR21+IHoR1OfQwSYRi4bMVsjspoKWMeYCM7M1vERiXIeSAEAVx7S7gKCVByVPeHiY8MpXq9kPMfcWXq/ugv5DNs4w/2wPH34VZHaCC5ALst+IAfUCtb494A0CzwvHvLPLURzu4Rr/ET7sbee5cHmGvo2m0cTQHbwTNNgtltAcQ6LBp94xi6Lorcp8m0wxTin4qIxHTBLDcAeS3moviStmNlT6J61AzBmAtzIYgs1ATlKCSLBigZCNiUluu/MGOkoU17QTOXNcrcBRaI8sPesqON9QQBlbPM95fUvDKi4EH2hQS0OyhvxBiV7L+yBK9BgvUNd6dRKjRRi/UZ7vHXOELnWiC2bNNQ+DEuUSMuYThikGUGHhigyF+D3lVvXciXiClQSpxFC7wQR1k+i8QKZktPcIlxMwTdbsJj9ayn9QDoCsZBmSUFD7jqFvhb7koqmifkiIcF5LlE+bCXgLzaQuPbvoQJ8QeKU4vAv7cUE3Qym955zZT4J/Mx9iqTD3hLJFW1hM3YGspbiaVTiFCUpEhXuZfc2QFPFL7RQ167TCPIVLTjLcrTcdlXvBAbxQ1NV97YSskXy33f1F8sHCMb97jgErbGudS0sjBQLyIcVEEA03TyRP8AiJN1ZqbcTMyhj68wy4XGXEEBcB4gp1dty9pRBWKHXiVoS0Dzmpkj3GRK1XGJng3fAPAdQlQaxjmobDQqnasBfRLuQ7JZYzV99RChAI46/wC0LDoGjBKRUOUz6HqUU2N19pncv8TuBWtpwHNynFIeEXMO5xEsReUUSmXiIZk146/MQjBZs7d/iG5p6OotWNl0dwgCgUeq4maC9e+4ng3JcqaTBEqCYIU4g8kvcQdVW2mx6hpxUfGoy12L+Y9OYfgg3d1X7Q0OBxDBEsarxcC0XaaCAQedEod/mG0WYWWZNyoVBoSx2MBUexqPEgiw2mChla/CGiCOmDLgxZmHl3TISZXtlu/HiEAigKmQW3cb9osTS0+I4Yra4ADA7hIovVBCj6TZd0SvyINKzzc0qxwYZcOCY1Cb4Kj6GyXsNcxAbqIUSX1O4+hTftDWLYnuHmW3DwrFWiviUAFYo2H+oAr3YhSLz/zFSqZSUtFd3DxZ9g6NOvMoFJA9uyWIZnOKZc5GzkPHnuVdQ9D1KhXQSvn3WsQsIirEEBgAJRXuiYENATK9EhKxFfQhtiQFpYjeFTlDUYakCtXiMY4fB/2GD0dR0phI3X9tftiyy/VIkGKlbbBOzMp+Wqe6lTU7zVRaggG4YNe6P4RZnrFmM5tvyjGc/LGbMzIljuPTMtTMK3H7B6KxEjEDYj1Uua+H6mWkuOSUHHIOT4lALaZWpRY+3FIZaW5OVgehgzrGmIa6zPfBm46Sq/dP+YkicWRTfwx+rhqRVTMDhJk+EpoHDHLxDTNvTYlsuQlTLxyyuT5it9BBh6IY4X2NaIRqOu1K3aPhls4UsI1S/uAIiIa9EOYMlcSz5/Mc5PlMlL9kFiWM0YYGpzBY8GbRbFrwPIy7ggCbpglDLxH7BsDk9RXzXRMlml5Zg/o6VKnkyG72mybJepUSgI0zJCjL/jm55QcRcTW4bjg8fMNGgoOvXSKyu5y4t+Bn8w7XipmB9WI/P0MS4IqtCVfW1iUzANQqFgoNH/ZSXbPtLzUmocr/ADmYHLUxW6Zcsssuga95fxqPuw4zAxBDFOnEUtQFuS7PxCoRMA3KHzH1l05D8yu4l2sjsNxYKBYB90cSNljepcmWQYA1Bgxi815jGCheQ+fiX1EFAHLR7i0NQ1W7zHK3zJQWX+YKnf6GGRAuKp2eIyXDSzb03JmI3A0zqBGtxYMQed6IG0Gyycjyzai6bD3jtdYL5ln6Mb5j0yUESjmAJvEPKYgpcA/+BpQ3zq5UQdyztJ2axdQYF586PBzOEQnofjcoWd+La+8taaPOYjZhgyho7YUeKzYxBR5BWuoBKiD7ofaYndTJmyG5ix6UCoh15TJFgl4iZ1UB9bqXxxPUsWIx1K+0uU4pSoLWHkJ5j+49R5Ve0fSkAI6ZdZVP0MBJwyj5Mosw1AXX6E94xG1fsqU3ozuZlmdR7JaRl78o9v8A76SMEvRRgyxouj9wh0N1U1oxvg3EAAEaNV1ClgTAwJdfeU/WgAUgMCyNchgtEMIwTuYJc6kQQZUi8eJ8k1R2N9zuSFZLYIefVWu4DfFmUYPzHTAWbA67XKdJbtVu0OUOWb+m5NyZUahx5ZpdgOXp94KSDn0HB0xHVgtSyveOgS8DVYHE4t0vYg1XimqsWfMEWXlWuyNwHGuP0MOw6e8NejsdRUAjVrWmUhp3FRWWBACe2C6TqFdlQguzzNSxWY9zNtZYOPdmB+mzbL+qAh6X5yFe5CsYQHssoWVswqckQNQUeZ+alAwha0TMPIo1Rz95WhQADgmoscoOSHVcfttu+oQoYtUaiKFzJ3B8wZcuES4AvG4kqeQh/UMVSqbqWzQZZH/JRRxqb5uktqAgWoHuWcMMOxfDMZpB8zWHowWwG7jKBWwzxKWmRfBUwFLBlV38EtETCUzDrARWOpi78v4jpatKsdUwSwHY3KIi05pDv5i/qsKvA+JpIMwQeudRonjJo+JqC6wj5+JfaMygN89Q1yC/Lm/MVQGATT3/AGmCxZRZgzcizFxBIN2wxUtAZ7FQOMJabq4BP4wuu4gqNFwX4lQrQQyEohHKOLmCVBAWE2Yv2uoN4Ej0iZ6LOYG5K3/iAy5aAICZxK/b7lqe+9/8la4wPaFaKbfHMaKVh+X34mog6Yv3f8j0yy7rt0xqIFTXBKPAYgsEciQUZdSeXiXChEtHcpIrbbtv83FXCZ2CpvFDH/BTO0PxkFqK2NOveaBA1zwEMEuUZ8XF5stXft3B0lswva6jR2tS1e49NsLX25TOp+0Qar9cQ6Qi1LC1BvPrXqCBaRKAEsOu3vLLmy4bRmoQkFotNH/2WIRoFwk2PgHlBXRDtdJDAqX6VLYofTzwbe/aUpSv8ftOOdbiK3a/Dj0veJdhsYydWyiBIhYBW2PmNgNl3PzKDoiVVdBeu4iShQ5LddxDhvZ3HBitF2OLjsBNHN58TY79J9vvLeebB23fn+onqKwVOGu4NsBWZvo8kUvbbRmjmHSQ6K6qoXoylVC8W9RBT7L7oxuVMkCtP3hq6pNxwHnMBo9edLvqHWW1rRBcQZ0AL/E44FHH3hgKiYB7YqZYWD/spjHaSjIAB3R3KgdBGA27L8VGLyvvFXtlmQtGZlgrvoID5ApflgHKgNxLN1Uvois1nxC1tiCzIKBs/wAI2Gxi4xeI9YlTBRgWOVLjiCL5hKnymeIrACgMHiMpNbhnjEH+VS89G7vtkYbhYDK8RKihxAgIDj0EOw4+4cxe0cDf23iBYtfcAeIbioMPUoUVCuowIg81rV+Irc5lzBi3MoqZiyOVZoMrbL4zBwQIpvpP7jASdMcujweCcy8Aat+y/wBQDVRW+2XNr4WxBMcAbiXo2HQcv3j58H3gMlll2eK5ISIQPH+TC4CKwbYxxdx4TiJYzs+/9RirjF4x2R7mbsW6p+GCaT2Z+x/9CFWisRUwPmZY20YlHKn3jMpHtxb+aqYoikow2buMlXkAP8MZQsWzfce5cuPJFVVMadxUc6PuNQEhNrVVcrxGZS2+iiu7iGNVtU8wjpKA3DQOc2VYqpwLG4s+TxKmg/MpqzwGIdpXMnZzKgybntmJRCrvvR+o4Hzay+3cva2up8oI5aN08Rz3B5JsmbJfkv7JcfKB8Gf6iq00TMSmMI8fQ/8AYREyxaLfKOaG8EvlhWXFMWt2Z95VeIDhGpUKD2jmh7S1QQqsjyF/1fEEEzons34O48tim1D46jFyXbyx1bbgq0vxAhHb1A7lejEpnUsSw2n7iFP1NVB2ccRXmIuWc5ltObg8OYsC00VavBzLjFPjGJnUVr6VypYGmrG65qWAOHu3ZMBezMHNf5HK7OkHlO57QHVCrF9JhJeT1NmhVJ15gsBCxG7mZ9o/EbJLMnaj9R+bDPvzMqTEs56higDGTo7EP9pe9jyT3eKB/smAAYOGX1Ron5D9oKxzZejwenzLukKgxzx6mBrIwr5O5phsfhUdjT7nV1ecQR0EEpHFJrTwwspbM+I8Qq1GDt7S8K0mh6qVNHcsucpx6guCvcgNW2UAW2C9IYnMNgNDGA4jpbStVbqUSoI+J7RO1N+PaYYBuKx8BWWGYq31K0k0DkLa+zCSkyGhHL8al0uh69hChLDTMqSiWIaY0EJusU5WGGJ5wd/+GC0DaRvIUH5MHQUY4EwwAHiAbQXyRMVEMbbTwzwxYmsTE8wx+BMIFsAThr8pUNfmEribb91EKnfEHwR3e+orDh5N7IWAVz3DD6B8K5GfkjfujDX+iHXT2S1QuC37D/UO0uPD0tvkPxLxLw0dvn/xcMKcN9x9RFYjU0TC4kiHHrAieY2e4g1BsI+xDe98Fvz2RQFlCx+YBKdosTwxmaDCJM0g6u3yPEOmeEsZW2ws9Dj9xokmFxKpEWrtliyRgDd6WB2Q85lNZ6zywaBGZeUeHxFAEKY4UT5i4axpGkmfqE6MfB0YpPIeDz95ecjYELigyXF5uM7Roo2wP3BdaUaF58MJmvPAe2oGayqi33FlTeNPXabS0vMGKFU52ftHOEoGeYit6XqNIpjgreTj7MIGOw/UQobz/wA1RQdE6BCsQ6ml3UoMReIpchfSHg7lpNRLQyxbX7dRHJXazjMZA3z5Jdk1xKyoSsYSmUBlU1BklL5qAxfthoLyZ4gZlSmJCdYJTYaz+4FtkMNEPRweU5YHJyGUDg3Kzt6B/wBRm21W1csvQsMntKH27qVwIkfUUEpy9+3cxAEtOIdIDYwgKmz/ALMvTfZf8ICWCxG7iWDSN07hlIl1jK1Wxl7wT3GJWfEs0hgeYwNhWh56l9yllIRQ0jDedwH7ncqKPFMv8YudNqsPH+yr4H9w7PMUVe1YhJe9mwZwQVS7Bn2YpBNy2X0HSVCNZHdg6SOtn9l89EC3rHhPT3GjOyQCzbbVNIU93LBTNX3Bs0embCpllq2vZHGUKnNagChiKnESktQHgCIEdITIjZ9YQZJi4liUO4e/hOKHJKQCKfOTMFkg8GgzB7Rcq4Bn9xA7VD24hiDHHVrbcIZD06B1+ZQIexHs2ZfE5zjzDOPtFoavohCZkDYdwgPRCI6htqt18cSi1BriF1yxdEm8a15jgrVo6ldwMxCVEiFQaQlYByQJC0WMvKAdtZmBefZod1EyzVseAcRWY4KeooJTrzBAA9FejH1pAGS9N/TGdLQs129nmUMl50UFjgaYstScRPKW9j5f4joS4uRrT5lNfCweufzDvnDdGH7jXdYgKoTMslwY19kWtrlyvbL9WW8SygmlcP8A7NUd/YPkjAAtzQOaP6hNX1sHZ4gN2vbTqWwD/wBgmbHO4qFz0LjAzHtimTB6Y8G4vrsDgZiWlQFA8++4GGx43XL/AFHaCPTF9qF0bqDYLT1UCwhBdFGP5RX5o7p0PuwYwm8avpxmBCpRHFKNQF3A1o0WI3+CHBKLyruMFCdkrlSALzGLJiWqhnJeIKf/AHSOEUw8jf8AUG24GfeGUuA8WKHiHrX0AEHaNAiuNfiK6NXCOvTvSqpTbtkLczXh7XiL3vmlBzCUSobj6MUJVguWXl4gNJ7x01DjQQLdS8v7TKCmiBzUsTWbgUerzGL6LLhqOt+HkqF+sI03iUVubN/fplb5sDt/qFkzMDj39FjW5xxt9H/Zkx0QhurhbTVz4FumK1WNNkorG4BQfiRLfbuBLly5c7UdFrpKSaBlXHmQgTDGMOGuYs7hoqYslyC74eoh37Uw1yPvNmyvEPMG/ROHMCzY1yMAPvETeG7p3+4KSpC0str5mG+0KsmUjj0yynW9lMe3vEAXWjmmlPi4a/eYBr8SvRQJYusOswgo6gzGkqGUZgZMqAaqJyuCWvHdq+QhcBBzKOLlRMqTzhjeWZNAWcXmv3FK7D+EJRlX9mJxeveBQe0z0u79suwgGCGPvNP7w9KuMwVgXrETcO1ujweYZ+4J7WXC1uytMIvrPq+gVHS28BtiVLwICaLlSbZRADnx5Fgfucp/D+4ec6sdMlf9qJeSHt6voxZcZcIZhswI6K3PH/EcrtGUJziMfNro7Hx5jNBHCZX/ANzGVLGUwjw8xjBkCtOohjGE8SqoNh4PTFGtxWyGUVq2vfoW+ZfmXLly2Ux4GQJmU1ApVoP+wXiSxWHDLBQ6oGAXncWTfyOeh8MYihNPXiazCDBJ2wHawEClQzsr4uZkyycAdQJVinWFzb0Un813UJcSra7jqMSAbpeS96hg9MNjWZkF6P1Oc2nMGpYlzOQMaSDi7x8IzBLd1x92MiLxWF0PxcwITwpZxuFsKxC5xuGvB+ohPuM9oI7V67tuDQE0elgahOthl+0xBwISoeT6UuF8TgNkPQvggUIMWI7xqFTb2e8opy2vzH0dxZna1ojtnwdS7VDBIpt45ZW6pg1/mQtAaav37gDCoElqLwxkMhe24YKfRYsWLFixcxBuO2LnuKB6rhglXrT/APajYrwNvD4hEsi25kpwqYGoZWVDlWozTmqfEUEBy/SNsXQeI7i+jfEO0v1oYgEUWI5Jph9NHpjuwjVwVcYC2FwxfhtBz7MuPKkeJkgRaD3BvFw5wM3+IYCIS8DR+pxKMEQFRgtjpFodrMN0odKdxARKFAJywPm7Flyq+dx3d1oezF46rOhcMitMX3UG4JzOMGSUMqsxDS4yrm7fkgXBwxE2ffUZMvmSZWWIUTbBv/I6jH8eYqQ1jxHQf9VKBxj9lZPtcrJ1TjaOiMSgNVhdv7gVUINrwO6GY97TjMSBLxGpK6BtWC199vmcRJhFsJTuUx8FJ37y8KdtwBsdHiLncYWjwCP19pSLHPRM0gtHI8OY6LgNg+CYzWtSmVBZUFP+wDKFPB7kYdiua4l3bFjFYrFzBlEbGNrvxMl6GXT17Q+HpGl0lbVxfleSNsA+V17wpbnrr3lTDEDWNQ67Rby2q1jonbFj0XLjTLV4g4ly4txiBQZRB7mx4KfYIytl0+ATcxH4SpOBju7ZBMLhccOPMraBuOC0edy1QiNU8Q2nqO6qDd1hxRdJXDqmTO1m20yq33jZ3L2JuY5N+PKotOaaKIuIiHaW15gtYKgZhyQalt4vpG1FGqagqveXhmeIW/uUvquUAxiGOfZOiXRhDXu3/Ud8OLRSmG1HFNhIq8Xh/BGy84vzMk04mAVCKpfLBACJYjuF3xWC13ljOZ/RBhBG6126/M7XcniVOGIBQiwO9H7jsSgDzRd37wCbeVvAwUA4KjFQ/i8y7Sq7mgtmobUdnwO3zKQAAYAqBsxCKiYYIahYnphVUKLtOGEFLXkm6zkWMWLGO/S5coY+oDAaHmHW83/9mJaBlt8JDCfxaHErxHkZIWPJZs94hv7zGP3C4QVkZWq5PcYlXLAP4QUp01LzLly5pU9noG4biJABrgL/APIqF4NoCivtLxEEaVMDue1OZUPuAriN2aL95k9BuuV/hlG9ynIrUyTxNIncsDWSv1DTlsMI2RW6K3klfeCrpmUwsr23SPNReUFe7/8AYvtPWm5xnCEk8x7gp+IrAimzXmGlVIYN1xMf0QwVCZ4r4cQHQvOdZaz8xs3ytWZ82we+UdYsU/cRYE80wrxLadYoD7StS+Dw1GAFAt/LKFJpPO2XsFyro+nmmpTqpcvpgMtVa1PBl/UFeFfqWcAT8zhqMYNColFNNMDteJrIyDf/AGwRQBAgerNZVozdRQnxVh0G71fce4u4sWosXMuU7lO4eUqTMdO2CjUJ0PKGTACZR/UtFOAZXiMgFSJuMsy24lbKLR33GkKlaiqZloZGOSKU1cR3PdPdKdz3T3SncaUubbh4QDeCFjEsooi+4+czs8S7VeYTVy8gEHTNRmBxQYwEdhpE1H3mjjAH2RFbicDAuukJ37UNbWSncPDuWVkMGhb/AHLEL4m8un6gmzDqUuC1mAK5XlyytQJ1gF14jlWUVXmWzBhXzKeASa4uBKEAUEX9pN7wasAMCN7N/wBQEBK/qLq0oLCcKCa0f8wAIC48sF9Ua8CxzVYIegUskDC6lWFfG8Qb0mo3JVBIK8V/cDRmUthaXNeYFeWpmNzC2pUe2afcZccaKPRAWfQDX9BECfB2EZh4sX5ENJF0WcwlKupk2iO0CtontEdpTtP/2Q==', 'asdasdasd', '{\"primary\":\"#0ea5e9\",\"secondary\":\"#6366f1\",\"bg\":\"#f0f9ff\",\"text\":\"#0c4a6e\"}');
INSERT INTO `cafe` (`id`, `nama_cafe`, `logo_cafe`, `alamat`, `tema_colors`) VALUES
(20, 'Shrek', 'logo_1773036011784.jpeg', 'jalan jalan', '{\"primary\":\"#f59e0b\",\"secondary\":\"#f97316\",\"bg\":\"#fffbeb\",\"text\":\"#92400e\"}'),
(21, 'dsadas', NULL, NULL, NULL),
(25, 'dsadasfs', NULL, NULL, NULL),
(27, 'Astakira Cafe', 'logo_1772428199219.jpeg', 'Ciakar, Kec. Cibeureum, Kab. Tasikmalaya, Jawa Barat 46196', '{\"primary\":\"#0ea5e9\",\"secondary\":\"#6366f1\",\"bg\":\"#f0f9ff\",\"text\":\"#0c4a6e\"}'),
(28, 'dsa', NULL, '', '{\"primary\":\"#f59e0b\",\"secondary\":\"#f97316\",\"bg\":\"#fffbeb\",\"text\":\"#92400e\"}'),
(29, 'Day Caffe & Resto', NULL, '', '{\"primary\":\"#475569\",\"secondary\":\"#334155\",\"bg\":\"#f8fafc\",\"text\":\"#0f172a\"}'),
(30, 'Caffe', NULL, NULL, NULL),
(31, 'MyCaffe', NULL, NULL, NULL),
(33, 'Caffeku', NULL, NULL, NULL),
(35, 'Mycafe', 'logo_1772869078688.jpeg', 'Jl jalan', '{\"primary\":\"#10b981\",\"secondary\":\"#059669\",\"bg\":\"#ecfdf5\",\"text\":\"#065f46\"}'),
(36, 'Rahadi', NULL, NULL, NULL),
(37, 'Ahhh', NULL, NULL, NULL),
(39, 'Ahhha', NULL, NULL, NULL),
(40, 'Ahhhh', NULL, NULL, NULL),
(42, 'Ahhhha', NULL, NULL, NULL),
(43, 'kkkk', NULL, NULL, NULL),
(44, 'kmh', NULL, NULL, NULL),
(45, 'kmha', NULL, NULL, NULL),
(46, 'kmj', NULL, NULL, NULL);

-- --------------------------------------------------------

--
-- Struktur dari tabel `ewalet`
--

CREATE TABLE `ewalet` (
  `id` int NOT NULL,
  `cafe_id` int NOT NULL,
  `nama_wallet` varchar(100) COLLATE utf8mb4_general_ci NOT NULL,
  `nomor_wallet` varchar(50) COLLATE utf8mb4_general_ci NOT NULL,
  `nama_pemilik` varchar(100) COLLATE utf8mb4_general_ci DEFAULT NULL
) ENGINE=InnoDB DEFAULT CHARSET=utf8mb4 COLLATE=utf8mb4_general_ci;

--
-- Dumping data untuk tabel `ewalet`
--

INSERT INTO `ewalet` (`id`, `cafe_id`, `nama_wallet`, `nomor_wallet`, `nama_pemilik`) VALUES
(1, 16, 'Dana', '085722450920', 'Mahesa'),
(2, 17, 'DANA', '23321321', NULL),
(3, 17, 'DANA', '23213', NULL),
(4, 17, 'GOPAY', '321321', NULL),
(5, 17, 'GOPAY', '321321', NULL),
(6, 17, 'GOPAY', '321321', 'sadas'),
(7, 17, 'SHOPEE', '21321', ''),
(8, 17, 'GOPAY', '321321534534', 'sdfsdfsd'),
(9, 17, 'DANA', '23321321', 'hff'),
(10, 17, 'SHOPEE', '21321', 'gjhgh'),
(11, 17, 'GOPAY', '321321', 'sadas'),
(12, 27, 'OVO', 'dsadas', 'dsad'),
(13, 27, 'GOPAY', '43343', 'dasdas'),
(14, 27, 'GOPAY', '43343', 'dasdas'),
(15, 27, 'DANA', '34342', 'sadsad'),
(16, 27, 'SHOPEE', 'dasdsad', 'asdasd');

-- --------------------------------------------------------

--
-- Struktur dari tabel `kasirs`
--

CREATE TABLE `kasirs` (
  `id` int NOT NULL,
  `cafe_id` int NOT NULL,
  `username` varchar(50) CHARACTER SET utf8mb4 COLLATE utf8mb4_general_ci NOT NULL,
  `email` varchar(255) CHARACTER SET utf8mb4 COLLATE utf8mb4_general_ci NOT NULL,
  `password` varchar(255) CHARACTER SET utf8mb4 COLLATE utf8mb4_general_ci NOT NULL,
  `created_at` timestamp NOT NULL DEFAULT CURRENT_TIMESTAMP
) ENGINE=InnoDB DEFAULT CHARSET=utf8mb4 COLLATE=utf8mb4_general_ci;

--
-- Dumping data untuk tabel `kasirs`
--

INSERT INTO `kasirs` (`id`, `cafe_id`, `username`, `email`, `password`, `created_at`) VALUES
(1, 27, 'kasir1@gmail.com', 'kasir1@gmail.com', '$2b$10$ZGR8cCw4X3pH4/5c5lRYyeu/1mjwKZH2d8nyWScfycFhZNYKdzKdi', '2026-03-04 06:38:35'),
(2, 35, 'kasir@gmail.com', 'kasir@gmail.com', '$2b$10$J2PZ/7mCntKj6xSRmPOXFuS8sgkJKB3QEt0DneOMjHXeCSBFjsvcG', '2026-03-07 07:40:56'),
(3, 20, 'kasur@gmail.com', 'kasur@gmail.com', '$2b$10$DmC.ENcWllwBQIm4I30iaetU6aRkIvdCWFt4zWQqiZqANkExPMIIi', '2026-03-09 06:08:32');

-- --------------------------------------------------------

--
-- Struktur dari tabel `kategoris`
--

CREATE TABLE `kategoris` (
  `id` int NOT NULL,
  `cafe_id` int DEFAULT NULL,
  `nama_kategori` varchar(100) COLLATE utf8mb4_general_ci DEFAULT NULL,
  `logo` varchar(255) COLLATE utf8mb4_general_ci DEFAULT NULL
) ENGINE=InnoDB DEFAULT CHARSET=utf8mb4 COLLATE=utf8mb4_general_ci;

--
-- Dumping data untuk tabel `kategoris`
--

INSERT INTO `kategoris` (`id`, `cafe_id`, `nama_kategori`, `logo`) VALUES
(1, 17, 'makanan', NULL),
(3, 19, 'minuman', NULL),
(4, 19, 'gfdg', NULL),
(23, 27, 'Makanan', '/asset/1772508153937-788212738.png'),
(24, 27, 'Minuman', '/asset/1772509017319-632482064.png'),
(25, 29, 'kopi', '/asset/1772596347503-12402606.jpg'),
(27, 29, 'makanan', '/asset/1772596923746-419267159.webp'),
(29, 29, 'Dessert', '/asset/1772597166261-679481437.jpg'),
(33, 35, 'Makanan', '/asset/1772870033865-532071576.png'),
(34, 35, 'Minuman', '/asset/1772870722306-598022719.png'),
(35, 36, 'Makanan', '/asset/1773023528353-433015566.png'),
(36, 36, 'Minuman', '/asset/1773023577798-316391973.png');

-- --------------------------------------------------------

--
-- Struktur dari tabel `menus`
--

CREATE TABLE `menus` (
  `id` int NOT NULL,
  `cafe_id` int NOT NULL,
  `id_kategori` int NOT NULL,
  `nama_menu` varchar(100) COLLATE utf8mb4_general_ci NOT NULL,
  `image_url` varchar(255) COLLATE utf8mb4_general_ci NOT NULL,
  `deskripsi` varchar(255) COLLATE utf8mb4_general_ci NOT NULL,
  `harga` int NOT NULL,
  `status` tinyint(1) NOT NULL DEFAULT '0'
) ENGINE=InnoDB DEFAULT CHARSET=utf8mb4 COLLATE=utf8mb4_general_ci;

--
-- Dumping data untuk tabel `menus`
--

INSERT INTO `menus` (`id`, `cafe_id`, `id_kategori`, `nama_menu`, `image_url`, `deskripsi`, `harga`, `status`) VALUES
(8, 17, 1, 'dasdas', 'http://192.168.1.13:3000/asset/1771999845905-334400897.jpg', '', 230, 1),
(24, 19, 4, 'hfg', 'http://192.168.1.13:3000/asset/1772082149704-608381869.png', '', 46, 1),
(25, 19, 3, 'fsasa', 'http://192.168.1.13:3000/asset/1772082283108-709151301.png', '', 2321, 1),
(26, 19, 3, 'asd', 'http://192.168.1.13:3000/asset/1772083521225-609820687.png', '', 32432, 1),
(30, 27, 23, 'Sate Kambing Muda', '/asset/1772508961555-448355492.jpg', 'sate daging kambing yang sangat empuk cocok untuk orang tua', 30000, 1),
(31, 27, 24, 'Macha Latte', '/asset/1772509164091-922141343.jpg', 'dari macha pilihan bangsa jepang', 15000, 1),
(33, 29, 25, 'macha latte-cream chesse', '/asset/1772596411845-453337591.jpg', 'perpaduan macha latte dengan campuran cream chesse creamy', 270, 1),
(34, 29, 27, 'Beef slays rise', '/asset/1772596893441-363875601.webp', 'daging sapi slays dengan nasi ', 35, 1),
(35, 29, 29, 'Chesse Cake', '/asset/1772597184589-560465045.jpg', 'kue lembut dengan bahan dasar keju dan susu yang creamy membuat tekstur lebih lembut dan lezat', 25, 1),
(38, 35, 33, 'Sate', '/asset/1772870058786-959933452.jpg', 'Sate', 12000, 1),
(39, 35, 34, 'Matcha', '/asset/1772870727910-359147254.jpg', '', 10000, 1),
(44, 36, 35, 'Sate', '/asset/1773024841727-671560504.jpg', 'Sate', 20000, 1),
(45, 36, 35, 'grds', '/asset/1773025051895-112940116.jpg', 'vd', 14022, 1),
(46, 36, 36, 'matcha', '/asset/1773025079871-671324267.jpg', 'adZW', 48389, 1);

-- --------------------------------------------------------

--
-- Struktur dari tabel `orders`
--

CREATE TABLE `orders` (
  `id` varchar(30) COLLATE utf8mb4_general_ci NOT NULL,
  `cafe_id` int NOT NULL,
  `meja` int NOT NULL,
  `nama` varchar(100) COLLATE utf8mb4_general_ci DEFAULT '',
  `status` enum('proses','selesai') COLLATE utf8mb4_general_ci DEFAULT 'proses',
  `total` decimal(12,2) DEFAULT '0.00',
  `note` text COLLATE utf8mb4_general_ci,
  `method` enum('online','kasir') COLLATE utf8mb4_general_ci DEFAULT 'online',
  `estimasi` varchar(20) COLLATE utf8mb4_general_ci DEFAULT '15 mnt',
  `created_at` timestamp NOT NULL DEFAULT CURRENT_TIMESTAMP
) ENGINE=InnoDB DEFAULT CHARSET=utf8mb4 COLLATE=utf8mb4_general_ci;

--
-- Dumping data untuk tabel `orders`
--

INSERT INTO `orders` (`id`, `cafe_id`, `meja`, `nama`, `status`, `total`, `note`, `method`, `estimasi`, `created_at`) VALUES
('ORD-MMBH4CXM-WHPE', 27, 12, 'das', 'selesai', 30000.00, '', 'online', '15 mnt', '2026-03-04 03:25:06'),
('ORD-MMBH5NLK-LI15', 27, 12, 'rrrr', 'selesai', 30000.00, '', 'online', '15 mnt', '2026-03-04 03:26:06'),
('ORD-MMBH5XZ7-15PC', 27, 12, 'rrrr', 'selesai', 30000.00, '', 'online', '15 mnt', '2026-03-04 03:26:20'),
('ORD-MMBH6PIK-S1DJ', 27, 12, 'rahadi', 'selesai', 45000.00, '', 'online', '15 mnt', '2026-03-04 03:26:55'),
('ORD-MMBH705Y-I754', 27, 12, 'rahadi', 'selesai', 45000.00, '', 'online', '15 mnt', '2026-03-04 03:27:09'),
('ORD-MMBHA4Z5-7QRR', 27, 12, 'raa', 'selesai', 165000.00, '', 'online', '15 mnt', '2026-03-04 03:29:35'),
('ORD-MMBHAF3X-61X7', 27, 12, 'raa', 'selesai', 165000.00, '', 'online', '15 mnt', '2026-03-04 03:29:49'),
('ORD-MMBHFTL1-6MDK', 27, 12, 'sadsadas', 'selesai', 165000.00, '', 'online', '15 mnt', '2026-03-04 03:34:01'),
('ORD-MMBJ5GY0-GIG9', 29, 8, 'Alexandra', 'selesai', 87.00, '', 'online', '15 mnt', '2026-03-04 04:21:57'),
('ORD-MMBJFIY9-EE2J', 29, 8, 'dd', 'selesai', 27444444.00, '', 'online', '15 mnt', '2026-03-04 04:29:46'),
('ORD-MMBJQHPJ-0LCT', 29, 8, 'dd', 'selesai', 26072222.00, '', 'kasir', '15 mnt', '2026-03-04 04:38:18'),
('ORD-MMBJUYLG-51Q5', 29, 1, 'Alexandra', 'selesai', 27444504.00, '', 'kasir', '15 mnt', '2026-03-04 04:41:46'),
('ORD-MMBJVR0K-XWLI', 29, 1, 'Alexandra', 'selesai', 27444504.00, '', 'kasir', '15 mnt', '2026-03-04 04:42:23'),
('ORD-MMBK25QC-0SWI', 29, 8, 'dd', 'proses', 26072222.00, '', 'kasir', '15 mnt', '2026-03-04 04:47:22'),
('ORD-MMBPNP1R-CHGN', 27, 1, 'adsa', 'selesai', 30000.00, '', 'kasir', '15 mnt', '2026-03-04 07:24:05'),
('ORD-MMBPRWKO-CCNC', 27, 1, 'dsad', 'selesai', 30000.00, '', 'kasir', '15 mnt', '2026-03-04 07:27:21'),
('ORD-MMBQHB15-5790', 27, 1, 'dasd', 'selesai', 30000.00, '', 'kasir', '15 mnt', '2026-03-04 07:47:06'),
('ORD-MMBQIJGF-T0V0', 27, 1, 'dasdasdasd', 'proses', 90000.00, '', 'kasir', '15 mnt', '2026-03-04 07:48:04'),
('ORD-MMBQKK6E-LALP', 27, 1, 'dsadsadsa', 'proses', 90000.00, '', 'online', '15 mnt', '2026-03-04 07:49:38'),
('ORD-MMBQKQAI-ARFT', 27, 1, 'dsadsadsa', 'proses', 90000.00, '', 'kasir', '15 mnt', '2026-03-04 07:49:46'),
('ORD-MMBQPBL7-S6KB', 27, 1, 'dsadsa', 'selesai', 90000.00, '', 'kasir', '15 mnt', '2026-03-04 07:53:20'),
('ORD-MMBQSU62-TI23', 27, 1, 'dsa', 'selesai', 90000.00, '', 'kasir', '15 mnt', '2026-03-04 07:56:04'),
('ORD-MMBQWNO5-8XHC', 27, 1, 'das', 'selesai', 90000.00, '', 'kasir', '15 mnt', '2026-03-04 07:59:03'),
('ORD-MMBRC8FG-MD1Y', 27, 1, 'dasdas', 'selesai', 30000.00, '', 'kasir', '15 mnt', '2026-03-04 08:11:09'),
('ORD-MMBRFZME-ZJA6', 27, 1, 'sadas', 'selesai', 240000.00, '', 'kasir', '15 mnt', '2026-03-04 08:14:05'),
('ORD-MMBRLWOG-U1GH', 27, 1, 'dasdasdsadasdasdasdas', 'selesai', 168243.00, '', 'kasir', '15 mnt', '2026-03-04 08:18:41'),
('ORD-MMBSPPRK-RMIQ', 27, 1, 'dsadsa', 'selesai', 168243.00, '', 'kasir', '15 mnt', '2026-03-04 08:49:38'),
('ORD-MMC33BEF-SCLQ', 27, 12, 'sadas', 'selesai', 138243.00, '', 'kasir', '15 mnt', '2026-03-04 13:40:09'),
('ORD-MMC3K2QS-PR9N', 27, 12, 'dsadasd', 'selesai', 138243.00, '', 'kasir', '15 mnt', '2026-03-04 13:53:11'),
('ORD-MMC3LU3H-P14P', 27, 12, 'dsadas', 'selesai', 30000.00, '', 'kasir', '15 mnt', '2026-03-04 13:54:33'),
('ORD-MMC4ZDEY-FYY4', 27, 12, 'yt', 'proses', 30000.00, '', 'online', '15 mnt', '2026-03-04 14:33:04'),
('ORD-MMCUIXWK-C34H', 27, 17, 'adi', 'proses', 75000.00, '', 'online', '15 mnt', '2026-03-05 02:28:07'),
('ORD-MMCUMAVJ-OKKQ', 27, 17, 'cwk', 'proses', 60000.00, '', 'kasir', '15 mnt', '2026-03-05 02:30:44'),
('ORD-MMCUR6MB-TJ2C', 27, 17, 'eds', 'proses', 60000.00, '', 'online', '15 mnt', '2026-03-05 02:34:32'),
('ORD-MMCURG0J-WP8C', 27, 17, 'eds', 'proses', 60000.00, '', 'kasir', '15 mnt', '2026-03-05 02:34:44'),
('ORD-MMCV0THY-Z4Z0', 27, 17, 'sate', 'proses', 60000.00, '', 'kasir', '15 mnt', '2026-03-05 02:42:01'),
('ORD-MMCV8RSZ-ECR1', 27, 17, 'cajak', 'proses', 60000.00, '', 'kasir', '15 mnt', '2026-03-05 02:48:12'),
('ORD-MMCVC14I-8GPT', 27, 17, 'cajak', 'proses', 60000.00, '', 'kasir', '15 mnt', '2026-03-05 02:50:45'),
('ORD-MMCVD9T1-ESQ1', 27, 17, 'cajak', 'proses', 60000.00, '', 'kasir', '15 mnt', '2026-03-05 02:51:42'),
('ORD-MMCVHO7D-F8UW', 27, 17, 'cajak', 'selesai', 60000.00, '', 'kasir', '15 mnt', '2026-03-05 02:55:08'),
('ORD-MMCVREPD-N1WS', 27, 17, 'eros', 'selesai', 60000.00, '', 'kasir', '15 mnt', '2026-03-05 03:02:42'),
('ORD-MMCWE27Q-XMYT', 27, 17, 'pentol', 'selesai', 2370000.00, '', 'kasir', '15 mnt', '2026-03-05 03:20:19'),
('ORD-MMCX8LF8-IM37', 27, 17, 'rtt', 'proses', 3000000.00, '', 'online', '15 mnt', '2026-03-05 03:44:03'),
('ORD-MMCYBL37-9Z7Y', 27, 2, 'Asu', 'selesai', 30000.00, '', 'kasir', '15 mnt', '2026-03-05 04:14:23'),
('ORD-MMCYHJER-CCPA', 27, 2, 'Konci', 'selesai', 948000.00, '', 'kasir', '15 mnt', '2026-03-05 04:19:00'),
('ORD-MMCYMZX0-2NVV', 27, 2, 'Saja we', 'selesai', 75000.00, 'Hayang loba', 'kasir', '15 mnt', '2026-03-05 04:23:15'),
('ORD-MMCYS507-UITJ', 27, 2, 'Asyuu', 'selesai', 30000.00, '', 'kasir', '15 mnt', '2026-03-05 04:27:15'),
('ORD-MMCYWJLF-AUU9', 27, 17, 'dasdassadsa', 'selesai', 63243.00, '', 'kasir', '15 mnt', '2026-03-05 04:30:40'),
('ORD-MMD2NQTI-ES3J', 27, 4, 'sadsa', 'selesai', 30000.00, '', 'kasir', '15 mnt', '2026-03-05 06:15:48'),
('ORD-MMFQLG9U-CQNI', 27, 17, 'rwza', 'proses', 30000.00, '', 'online', '15 mnt', '2026-03-07 03:01:25'),
('ORD-MMFQMNCP-CV2V', 27, 17, 'drt8', 'proses', 30000.00, '', 'online', '15 mnt', '2026-03-07 03:02:20'),
('ORD-MMFQNLVA-UAFE', 27, 17, 'kjhg', 'proses', 30000.00, '', 'kasir', '15 mnt', '2026-03-07 03:03:05'),
('ORD-MMFRKNMW-NAUS', 27, 17, 'plm', 'selesai', 60000.00, '', 'kasir', '15 mnt', '2026-03-07 03:28:47'),
('ORD-MMFSK06F-NMFJ', 27, 14, 'Azrill', 'proses', 30000.00, '', 'online', '15 mnt', '2026-03-07 03:56:16'),
('ORD-MMFSKS2E-5TUH', 27, 14, 'Azrii', 'selesai', 30000.00, '', 'kasir', '15 mnt', '2026-03-07 03:56:52'),
('ORD-MMFSPW6U-2JA1', 27, 17, 'bdj', 'selesai', 60000.00, '', 'kasir', '15 mnt', '2026-03-07 04:00:51'),
('ORD-MMFUL0WD-6BKC', 27, 17, 'ksjwq', 'proses', 30000.00, '', 'kasir', '15 mnt', '2026-03-07 04:53:03'),
('ORD-MMFUWOW3-6CE6', 27, 17, 'abcd', 'proses', 30000.00, '', 'kasir', '15 mnt', '2026-03-07 05:02:07'),
('ORD-MMFV3FD9-PREM', 27, 17, 'tttt', 'proses', 30000.00, '', 'kasir', '15 mnt', '2026-03-07 05:07:22'),
('ORD-MMFV401Z-S1TV', 27, 17, '434343', 'proses', 30000.00, '', 'kasir', '15 mnt', '2026-03-07 05:07:48'),
('ORD-MMFVQPHH-IG1D', 27, 1, 'Ljajj', 'selesai', 30000.00, '', 'kasir', '15 mnt', '2026-03-07 05:25:28'),
('ORD-MMFWRHL1-18MQ', 27, 1, 'R', 'selesai', 30000.00, '', 'kasir', '15 mnt', '2026-03-07 05:54:04'),
('ORD-MMFWSVGI-QV7L', 27, 1, 'Abcd', 'selesai', 1500000.00, '', 'kasir', '15 mnt', '2026-03-07 05:55:08'),
('ORD-MMFWTHN6-1ATZ', 27, 1, 'Gg', 'selesai', 840000.00, '', 'kasir', '15 mnt', '2026-03-07 05:55:37'),
('ORD-MMG1FVZ2-9S9E', 35, 1, 'Jokowi', 'proses', 12000.00, '', 'online', '15 mnt', '2026-03-07 08:05:01'),
('ORD-MMG1HI8W-X7XE', 35, 1, 'Jokowi', 'selesai', 12000.00, '', 'kasir', '15 mnt', '2026-03-07 08:06:16'),
('ORD-MMG1VXFG-0Q56', 35, 1, 'Jokowi', 'proses', 12000.00, '', 'kasir', '15 mnt', '2026-03-07 08:17:29');

-- --------------------------------------------------------

--
-- Struktur dari tabel `order_items`
--

CREATE TABLE `order_items` (
  `id` int NOT NULL,
  `order_id` varchar(30) COLLATE utf8mb4_general_ci NOT NULL,
  `nama_menu` varchar(150) COLLATE utf8mb4_general_ci NOT NULL,
  `qty` int DEFAULT '1',
  `harga` decimal(12,2) DEFAULT '0.00',
  `catatan` text COLLATE utf8mb4_general_ci
) ENGINE=InnoDB DEFAULT CHARSET=utf8mb4 COLLATE=utf8mb4_general_ci;

--
-- Dumping data untuk tabel `order_items`
--

INSERT INTO `order_items` (`id`, `order_id`, `nama_menu`, `qty`, `harga`, `catatan`) VALUES
(81, 'ORD-MMBH4CXM-WHPE', 'Sate Kambing Muda', 1, 30000.00, ''),
(82, 'ORD-MMBH5NLK-LI15', 'Sate Kambing Muda', 1, 30000.00, ''),
(83, 'ORD-MMBH5XZ7-15PC', 'Sate Kambing Muda', 1, 30000.00, ''),
(84, 'ORD-MMBH6PIK-S1DJ', 'Sate Kambing Muda', 1, 30000.00, ''),
(85, 'ORD-MMBH6PIK-S1DJ', 'Macha Latte', 1, 15000.00, ''),
(86, 'ORD-MMBH705Y-I754', 'Sate Kambing Muda', 1, 30000.00, ''),
(87, 'ORD-MMBH705Y-I754', 'Macha Latte', 1, 15000.00, ''),
(88, 'ORD-MMBHA4Z5-7QRR', 'Sate Kambing Muda', 4, 30000.00, ''),
(89, 'ORD-MMBHA4Z5-7QRR', 'Macha Latte', 3, 15000.00, ''),
(90, 'ORD-MMBHAF3X-61X7', 'Sate Kambing Muda', 4, 30000.00, ''),
(91, 'ORD-MMBHAF3X-61X7', 'Macha Latte', 3, 15000.00, ''),
(92, 'ORD-MMBHFTL1-6MDK', 'Sate Kambing Muda', 4, 30000.00, ''),
(93, 'ORD-MMBHFTL1-6MDK', 'Macha Latte', 3, 15000.00, ''),
(94, 'ORD-MMBJ5GY0-GIG9', 'macha latte-cream chesse', 1, 27.00, ''),
(95, 'ORD-MMBJ5GY0-GIG9', 'Beef slays rise', 1, 35.00, ''),
(96, 'ORD-MMBJ5GY0-GIG9', 'Chesse Cake', 1, 25.00, ''),
(97, 'ORD-MMBJFIY9-EE2J', 'macha latte-cream chesse', 1, 27444444.00, ''),
(98, 'ORD-MMBJQHPJ-0LCT', 'macha latte-cream chesse', 1, 27444444.00, ''),
(99, 'ORD-MMBJUYLG-51Q5', 'macha latte-cream chesse', 1, 27444444.00, ''),
(100, 'ORD-MMBJUYLG-51Q5', 'Beef slays rise', 1, 35.00, ''),
(101, 'ORD-MMBJUYLG-51Q5', 'Chesse Cake', 1, 25.00, ''),
(102, 'ORD-MMBJVR0K-XWLI', 'macha latte-cream chesse', 1, 27444444.00, ''),
(103, 'ORD-MMBJVR0K-XWLI', 'Beef slays rise', 1, 35.00, ''),
(104, 'ORD-MMBJVR0K-XWLI', 'Chesse Cake', 1, 25.00, ''),
(105, 'ORD-MMBK25QC-0SWI', 'macha latte-cream chesse', 1, 27444444.00, ''),
(106, 'ORD-MMBPNP1R-CHGN', 'Sate Kambing Muda', 1, 30000.00, ''),
(107, 'ORD-MMBPRWKO-CCNC', 'Sate Kambing Muda', 1, 30000.00, ''),
(108, 'ORD-MMBQHB15-5790', 'Sate Kambing Muda', 1, 30000.00, ''),
(109, 'ORD-MMBQIJGF-T0V0', 'Sate Kambing Muda', 3, 30000.00, ''),
(110, 'ORD-MMBQKK6E-LALP', 'Sate Kambing Muda', 3, 30000.00, ''),
(111, 'ORD-MMBQKQAI-ARFT', 'Sate Kambing Muda', 3, 30000.00, ''),
(112, 'ORD-MMBQPBL7-S6KB', 'Sate Kambing Muda', 3, 30000.00, ''),
(113, 'ORD-MMBQSU62-TI23', 'Sate Kambing Muda', 3, 30000.00, ''),
(114, 'ORD-MMBQWNO5-8XHC', 'Sate Kambing Muda', 3, 30000.00, ''),
(115, 'ORD-MMBRC8FG-MD1Y', 'Sate Kambing Muda', 1, 30000.00, ''),
(116, 'ORD-MMBRFZME-ZJA6', 'Sate Kambing Muda', 8, 30000.00, ''),
(117, 'ORD-MMBRLWOG-U1GH', 'Sate Kambing Muda', 4, 30000.00, ''),
(118, 'ORD-MMBRLWOG-U1GH', 'Macha Latte', 1, 15000.00, ''),
(119, 'ORD-MMBRLWOG-U1GH', 'fds', 1, 33243.00, ''),
(120, 'ORD-MMBSPPRK-RMIQ', 'Sate Kambing Muda', 4, 30000.00, ''),
(121, 'ORD-MMBSPPRK-RMIQ', 'Macha Latte', 1, 15000.00, ''),
(122, 'ORD-MMBSPPRK-RMIQ', 'fds', 1, 33243.00, ''),
(123, 'ORD-MMC33BEF-SCLQ', 'Sate Kambing Muda', 3, 30000.00, ''),
(124, 'ORD-MMC33BEF-SCLQ', 'Macha Latte', 1, 15000.00, ''),
(125, 'ORD-MMC33BEF-SCLQ', 'fds', 1, 33243.00, ''),
(126, 'ORD-MMC3K2QS-PR9N', 'Sate Kambing Muda', 3, 30000.00, ''),
(127, 'ORD-MMC3K2QS-PR9N', 'Macha Latte', 1, 15000.00, ''),
(128, 'ORD-MMC3K2QS-PR9N', 'fds', 1, 33243.00, ''),
(129, 'ORD-MMC3LU3H-P14P', 'Sate Kambing Muda', 1, 30000.00, ''),
(130, 'ORD-MMC4ZDEY-FYY4', 'Sate Kambing Muda', 1, 30000.00, ''),
(131, 'ORD-MMCUIXWK-C34H', 'Sate Kambing Muda', 2, 30000.00, ''),
(132, 'ORD-MMCUIXWK-C34H', 'Macha Latte', 1, 15000.00, ''),
(133, 'ORD-MMCUMAVJ-OKKQ', 'Sate Kambing Muda', 1, 30000.00, ''),
(134, 'ORD-MMCUMAVJ-OKKQ', 'Macha Latte', 2, 15000.00, ''),
(135, 'ORD-MMCUR6MB-TJ2C', 'Sate Kambing Muda', 1, 30000.00, ''),
(136, 'ORD-MMCUR6MB-TJ2C', 'Macha Latte', 2, 15000.00, ''),
(137, 'ORD-MMCURG0J-WP8C', 'Sate Kambing Muda', 1, 30000.00, ''),
(138, 'ORD-MMCURG0J-WP8C', 'Macha Latte', 2, 15000.00, ''),
(139, 'ORD-MMCV0THY-Z4Z0', 'Sate Kambing Muda', 1, 30000.00, 'pedas'),
(140, 'ORD-MMCV0THY-Z4Z0', 'Macha Latte', 2, 15000.00, 'gak pake es'),
(141, 'ORD-MMCV8RSZ-ECR1', 'Sate Kambing Muda', 1, 30000.00, 'pedas'),
(142, 'ORD-MMCV8RSZ-ECR1', 'Macha Latte', 2, 15000.00, 'gak pake es'),
(143, 'ORD-MMCVC14I-8GPT', 'Sate Kambing Muda', 1, 30000.00, 'pedas'),
(144, 'ORD-MMCVC14I-8GPT', 'Macha Latte', 2, 15000.00, 'gak pake es'),
(145, 'ORD-MMCVD9T1-ESQ1', 'Sate Kambing Muda', 1, 30000.00, 'pedas'),
(146, 'ORD-MMCVD9T1-ESQ1', 'Macha Latte', 2, 15000.00, 'gak pake es'),
(147, 'ORD-MMCVHO7D-F8UW', 'Sate Kambing Muda', 1, 30000.00, 'pedas'),
(148, 'ORD-MMCVHO7D-F8UW', 'Macha Latte', 2, 15000.00, 'gak pake es'),
(149, 'ORD-MMCVREPD-N1WS', 'Sate Kambing Muda', 1, 30000.00, ''),
(150, 'ORD-MMCVREPD-N1WS', 'Macha Latte', 2, 15000.00, ''),
(151, 'ORD-MMCWE27Q-XMYT', 'Sate Kambing Muda', 100, 30000.00, ''),
(152, 'ORD-MMCX8LF8-IM37', 'Sate Kambing Muda', 100, 30000.00, ''),
(153, 'ORD-MMCYBL37-9Z7Y', 'Sate Kambing Muda', 1, 30000.00, ''),
(154, 'ORD-MMCYHJER-CCPA', 'Sate Kambing Muda', 40, 30000.00, 'Pedas'),
(155, 'ORD-MMCYMZX0-2NVV', 'Sate Kambing Muda', 1, 30000.00, ''),
(156, 'ORD-MMCYMZX0-2NVV', 'Macha Latte', 3, 15000.00, ''),
(157, 'ORD-MMCYS507-UITJ', 'Sate Kambing Muda', 1, 30000.00, ''),
(158, 'ORD-MMCYWJLF-AUU9', 'Sate Kambing Muda', 1, 30000.00, ''),
(159, 'ORD-MMCYWJLF-AUU9', 'fds', 1, 33243.00, ''),
(160, 'ORD-MMD2NQTI-ES3J', 'Sate Kambing Muda', 1, 30000.00, ''),
(161, 'ORD-MMFQLG9U-CQNI', 'Sate Kambing Muda', 1, 30000.00, ''),
(162, 'ORD-MMFQMNCP-CV2V', 'Sate Kambing Muda', 1, 30000.00, ''),
(163, 'ORD-MMFQNLVA-UAFE', 'Sate Kambing Muda', 1, 30000.00, ''),
(164, 'ORD-MMFRKNMW-NAUS', 'Sate Kambing Muda', 2, 30000.00, ''),
(165, 'ORD-MMFSK06F-NMFJ', 'Sate Kambing Muda', 1, 30000.00, ''),
(166, 'ORD-MMFSKS2E-5TUH', 'Sate Kambing Muda', 1, 30000.00, ''),
(167, 'ORD-MMFSPW6U-2JA1', 'Sate Kambing Muda', 2, 30000.00, ''),
(168, 'ORD-MMFUL0WD-6BKC', 'Sate Kambing Muda', 1, 30000.00, ''),
(169, 'ORD-MMFUWOW3-6CE6', 'Sate Kambing Muda', 1, 30000.00, ''),
(170, 'ORD-MMFV3FD9-PREM', 'Sate Kambing Muda', 1, 30000.00, ''),
(171, 'ORD-MMFV401Z-S1TV', 'Sate Kambing Muda', 1, 30000.00, ''),
(172, 'ORD-MMFVQPHH-IG1D', 'Sate Kambing Muda', 1, 30000.00, ''),
(173, 'ORD-MMFWRHL1-18MQ', 'Sate Kambing Muda', 1, 30000.00, ''),
(174, 'ORD-MMFWSVGI-QV7L', 'Sate Kambing Muda', 100, 30000.00, ''),
(175, 'ORD-MMFWTHN6-1ATZ', 'Sate Kambing Muda', 28, 30000.00, ''),
(176, 'ORD-MMG1FVZ2-9S9E', 'Sate', 1, 12000.00, ''),
(177, 'ORD-MMG1HI8W-X7XE', 'Sate', 1, 12000.00, ''),
(178, 'ORD-MMG1VXFG-0Q56', 'Sate', 1, 12000.00, '');

-- --------------------------------------------------------

--
-- Struktur dari tabel `pembayaran`
--

CREATE TABLE `pembayaran` (
  `id` int NOT NULL,
  `cafe_id` int NOT NULL,
  `nama_method` varchar(255) COLLATE utf8mb4_general_ci NOT NULL,
  `status_method` tinyint(1) NOT NULL
) ENGINE=InnoDB DEFAULT CHARSET=utf8mb4 COLLATE=utf8mb4_general_ci;

--
-- Dumping data untuk tabel `pembayaran`
--

INSERT INTO `pembayaran` (`id`, `cafe_id`, `nama_method`, `status_method`) VALUES
(1, 17, 'tunai', 1),
(2, 17, 'qris', 1),
(3, 17, 'transfer_bank', 1),
(4, 17, 'ewalet_manual', 1),
(5, 19, 'tunai', 0),
(6, 19, 'qris', 0),
(7, 19, 'transfer_bank', 0),
(8, 19, 'ewalet_manual', 0),
(9, 20, 'tunai', 0),
(10, 20, 'qris', 0),
(11, 20, 'transfer_bank', 0),
(12, 20, 'ewalet_manual', 0),
(13, 27, 'tunai', 0),
(14, 27, 'qris', 1),
(15, 27, 'transfer_bank', 1),
(16, 27, 'ewalet_manual', 0),
(17, 29, 'tunai', 0),
(18, 29, 'qris', 0),
(19, 29, 'transfer_bank', 1),
(20, 29, 'ewalet_manual', 0),
(21, 35, 'tunai', 0),
(22, 35, 'qris', 0),
(23, 35, 'transfer_bank', 0),
(24, 35, 'ewalet_manual', 0),
(25, 36, 'tunai', 0),
(26, 36, 'qris', 0),
(27, 36, 'transfer_bank', 0),
(28, 36, 'ewalet_manual', 0);

-- --------------------------------------------------------

--
-- Struktur dari tabel `promo`
--

CREATE TABLE `promo` (
  `id` int NOT NULL,
  `cafe_id` int NOT NULL,
  `nama_promo` varchar(100) COLLATE utf8mb4_general_ci NOT NULL,
  `kode_promo` varchar(255) COLLATE utf8mb4_general_ci NOT NULL,
  `tipe_diskon` tinyint(1) NOT NULL,
  `nilai` int NOT NULL,
  `minimum_order` int NOT NULL,
  `mulai_date` date NOT NULL,
  `berakhir_date` date NOT NULL
) ENGINE=InnoDB DEFAULT CHARSET=utf8mb4 COLLATE=utf8mb4_general_ci;

--
-- Dumping data untuk tabel `promo`
--

INSERT INTO `promo` (`id`, `cafe_id`, `nama_promo`, `kode_promo`, `tipe_diskon`, `nilai`, `minimum_order`, `mulai_date`, `berakhir_date`) VALUES
(2, 17, '', 'FSAFAS', 0, 21313, 232422, '2026-02-24', '2026-03-10'),
(3, 17, '', 'FDSADSA', 0, 2321312, 213213, '2026-02-25', '2026-02-26'),
(8, 19, '', 'REHANBUTUT', 0, 10, 10000, '2026-02-26', '2026-02-27'),
(9, 20, '', 'REHANTOTOL', 0, 10, 30000, '2026-02-27', '2026-02-28'),
(11, 27, 'dasdas', 'SADASDA', 0, 21, 231321, '2026-03-02', '2026-03-31'),
(12, 29, 'valentinedays', 'V41_3NT13N3', 0, 5, 40, '2025-02-06', '2025-07-20'),
(13, 27, 'GRAND OPENING', 'GRAND_OPENING', 0, 50, 0, '2026-03-07', '2026-04-07'),
(14, 35, 'Grand opening', 'OPENING123', 0, 20, 20000, '2026-03-07', '2026-04-07');

-- --------------------------------------------------------

--
-- Struktur dari tabel `qris`
--

CREATE TABLE `qris` (
  `id` int NOT NULL,
  `cafe_id` int NOT NULL,
  `nama_merchant` varchar(255) COLLATE utf8mb4_general_ci NOT NULL,
  `nomor_merchant` int NOT NULL,
  `qris_image` text COLLATE utf8mb4_general_ci NOT NULL,
  `biaya_type` varchar(50) COLLATE utf8mb4_general_ci DEFAULT NULL,
  `biaya_transaksi_qris` varchar(100) COLLATE utf8mb4_general_ci DEFAULT NULL
) ENGINE=InnoDB DEFAULT CHARSET=utf8mb4 COLLATE=utf8mb4_general_ci;

--
-- Dumping data untuk tabel `qris`
--

INSERT INTO `qris` (`id`, `cafe_id`, `nama_merchant`, `nomor_merchant`, `qris_image`, `biaya_type`, `biaya_transaksi_qris`) VALUES
(1, 17, 'ASTAKIRA Cafe', 2423432, 'http://192.168.1.13:3000/asset/1772026196314-329318349.png', 'percent', '23'),
(2, 17, 'ASTAKIRA Cafe', 432432, 'http://192.168.1.13:3000/asset/1772028228493-350511145.png', 'none', NULL),
(3, 17, 'ASTAKIRA Cafe', 432432, 'http://192.168.1.13:3000/asset/1772028243371-964802740.png', 'none', NULL),
(4, 17, 'ASTAKIRA Cafe', 432432, 'http://192.168.1.13:3000/asset/1772028266528-537760276.png', 'none', NULL),
(5, 17, 'ASTAKIRA Cafe', 4324, 'http://192.168.1.13:3000/asset/1772029354841-739067883.png', 'none', NULL),
(6, 17, 'ASTAKIRA Cafe', 434343, 'http://192.168.1.13:3000/asset/1772032110470-429203959.png', 'none', NULL),
(7, 17, 'ASTAKIRA Cafe', 321321, 'http://192.168.1.13:3000/asset/1772035795536-251658325.png', 'none', NULL),
(8, 17, 'ASTAKIRA Cafe', 56586, 'http://192.168.1.13:3000/asset/1772036506608-641251032.png', 'none', NULL),
(9, 17, 'ASTAKIRA Cafesdas', 3213, 'http://192.168.1.13:3000/asset/1772036626722-45498602.png', 'none', NULL),
(10, 17, 'ASTAKIRA Cafedsadas', 321321, 'http://192.168.1.13:3000/asset/1772036661598-838478145.png', 'none', NULL),
(11, 17, 'ASTAKIRA Cafedsadas', 321321, 'http://192.168.1.13:3000/asset/1772036666442-737485454.png', 'none', NULL),
(12, 17, 'ASTAKIRA Cafe', 321321321, 'http://192.168.1.13:3000/asset/1772036745006-165584236.png', 'none', NULL),
(13, 17, 'ASTAKIRA Cafe', 321321321, 'http://192.168.1.13:3000/asset/1772036753934-410617113.png', 'none', NULL),
(14, 17, 'ASTAKIRA Cafe', 321321321, 'http://192.168.1.13:3000/asset/1772036792577-781937902.png', 'none', NULL),
(15, 17, 'ASTAKIRA Cafe', 321321321, 'http://192.168.1.13:3000/asset/1772036837233-36455352.png', 'none', NULL),
(16, 17, 'ASTAKIRA Cafe', 432432, 'http://192.168.1.13:3000/asset/1772036951411-898325222.png', 'none', NULL),
(17, 17, 'ASTAKIdsadaRA Cafe', 43324, 'http://192.168.1.13:3000/asset/1772037138092-45690525.png', 'none', NULL),
(18, 17, 'ASTAKIdsadaRA Cafe', 43324, 'http://192.168.1.13:3000/asset/1772037150481-331542221.png', 'none', NULL),
(19, 17, 'ASTAKIRA Cafe21321', 432, 'http://192.168.1.13:3000/asset/1772037190825-307886728.png', 'none', NULL),
(20, 17, 'ASTAKIRA Cafe21321', 432, 'http://192.168.1.13:3000/asset/1772037191945-718046627.png', 'none', NULL),
(21, 17, 'ASTAKIRA Cafe21321', 432, 'http://192.168.1.13:3000/asset/1772037192095-821027895.png', 'none', NULL),
(22, 17, 'ASTAKIRA Cafe21321', 432, 'http://192.168.1.13:3000/asset/1772037192240-190219561.png', 'none', NULL),
(23, 17, 'ASTAKIRA Cafe21321', 432, 'http://192.168.1.13:3000/asset/1772037192508-215211849.png', 'none', NULL),
(24, 17, 'ASTAKIRA Cafe21321', 432, 'http://192.168.1.13:3000/asset/1772037192647-21807195.png', 'none', NULL),
(25, 17, 'ASTAKIRA Cafe21321', 432, 'http://192.168.1.13:3000/asset/1772037192787-696880877.png', 'none', NULL),
(26, 17, 'ASTAKIRA Cafe', 3123, 'http://192.168.1.13:3000/asset/1772037388870-781436861.png', 'none', NULL),
(27, 17, 'ASTAKIRA Cafe', 3123, 'http://192.168.1.13:3000/asset/1772037612408-139718097.png', 'none', NULL),
(28, 17, 'ASTAKIRA Cafe', 3213, 'http://192.168.1.13:3000/asset/1772037697933-21663658.png', 'none', NULL),
(29, 17, 'ASTAKIRA Cafe', 3213, 'http://192.168.1.13:3000/asset/1772037764708-752306450.png', 'none', NULL),
(30, 17, 'ASTAKIRA Cafe21321', 3213, 'http://192.168.1.13:3000/asset/1772037764708-752306450.png', 'none', NULL),
(31, 19, 'dasa', 3213, 'http://192.168.1.13:3000/asset/1772080315456-377255684.png', 'none', NULL),
(32, 19, 'dasa', 3213, 'http://192.168.1.13:3000/asset/1772088055532-265017340.png', 'none', NULL),
(33, 19, 'dasa', 3213, 'http://192.168.1.3:3000/asset/1772088055532-265017340.png', 'none', NULL),
(34, 27, 'dasd', 321321, 'http://192.168.1.2:3000/asset/1772248340255-767338817.jpg', 'none', NULL);

-- --------------------------------------------------------

--
-- Struktur dari tabel `table_cafe`
--

CREATE TABLE `table_cafe` (
  `id` int NOT NULL,
  `cafe_id` int NOT NULL,
  `nomor_meja` int NOT NULL,
  `status` tinyint(1) NOT NULL DEFAULT '0',
  `qr_code` text COLLATE utf8mb4_general_ci NOT NULL
) ENGINE=InnoDB DEFAULT CHARSET=utf8mb4 COLLATE=utf8mb4_general_ci;

--
-- Dumping data untuk tabel `table_cafe`
--

INSERT INTO `table_cafe` (`id`, `cafe_id`, `nomor_meja`, `status`, `qr_code`) VALUES
(33, 19, 1, 1, 'data:image/png;base64,iVBORw0KGgoAAAANSUhEUgAAAJQAAACUCAYAAAB1PADUAAAAAklEQVR4AewaftIAAATWSURBVO3BQW4kSRIEQdNA/f/Lujz6KYBEenF7CBPBH6laclK16KRq0UnVopOqRSdVi06qFp1ULTqpWnRSteikatFJ1aKTqkUnVYtOqhadVC365CUgv0nNBGRSMwH5JjUTkBs1E5BJzQTkN6l546Rq0UnVopOqRZ8sU7MJyI2aGzU3QCY1N0CeUDMBeUPNJiCbTqoWnVQtOqla9MmXAXlCzRNAJjVPqJmATGomNW+omYC8AeQJNd90UrXopGrRSdWiT/7j1ExAbtRMQCY1N0Bu1NwA+ctOqhadVC06qVr0yR+n5kbNNwGZ1ExA/pKTqkUnVYtOqhZ98mVqvgnIpOYGyKRmAnKjZgIyAZnU3Kh5Q82/5KRq0UnVopOqRZ8sA/IvATKpmYBMaiYgT6iZgExqJiCTmhsg/7KTqkUnVYtOqhbhj/whQCY1E5An1LwBZFLzl51ULTqpWnRSteiTl4BMaiYgk5ongNyoeUPNBOQGyBtAbtTcAJnU3ACZ1ExAJjVvnFQtOqladFK1CH/kBSCb1NwAeUPNBGRS8wSQSc0E5EbNDZAbNU8AuVHzxknVopOqRSdViz55Sc0NkEnNDZDfpGYCcqPmDTVPqLkB8oSaCcimk6pFJ1WLTqoW4Y+8AGSTmhsgk5obIE+omYA8oWYCMqmZgExqJiCTmn/ZSdWik6pFJ1WLPvkyNROQJ4BMam6ATGomIDdAbtQ8oWYCMqm5UXMD5EbNDZBJzRsnVYtOqhadVC365CU1E5AbNU+o+SY1E5BvUvNNam6AfNNJ1aKTqkUnVYs+eQnIG0AmNROQJ9Q8AWRScwNkUnMD5Ak1E5BJzQ2QGzUTkE0nVYtOqhadVC365CU1TwB5Qs0EZFJzA2RScwNkUjOpeUPNDZAn1NwAuVGz6aRq0UnVopOqRZ+8BORGzY2aGyA3QJ4AMql5AsiNmhsgN2reADKpuQEyqXnjpGrRSdWik6pF+CNfBGRSMwG5UXMDZFJzA+RGzRNAbtQ8AWRScwNkk5o3TqoWnVQtOqla9MlLQJ4AMqmZgExAbtTcALlRMwG5UfMEkBs1b6h5A8imk6pFJ1WLTqoW4Y/8IiCTmieA3KiZgExqJiCTmgnIE2omIE+ouQHyhppvOqladFK16KRqEf7IC0CeUDMBmdRMQCY1N0C+Sc0bQH6TmgnIpGbTSdWik6pFJ1WL8Ef+w4DcqLkB8oSaGyA3aiYgk5ongNyouQEyqXnjpGrRSdWik6pFn7wE5DepuVFzA+RGzQ2QSc0TQJ4AMqm5UfP/dFK16KRq0UnVok+WqdkE5EbNG2omIJOaSc0baiYgN2qeAHKjZlKz6aRq0UnVopOqRZ98GZAn1LwB5AkgTwD5JiBvqHkCyKTmjZOqRSdVi06qFn3yx6nZpGYCcqPmRs0E5Ak1b6jZdFK16KRq0UnVok/+44BMaiYgN2omIJOaN4DcqHlCzQTkRs0E5EbNGydVi06qFp1ULfrky9R8k5o3gExqJiBPqLkB8oSaJ9TcqPmmk6pFJ1WLTqoWfbIMyG8CsgnIpOYGyATkDTUTkEnNDZAbNROQSc0bJ1WLTqoWnVQtwh+pWnJSteikatFJ1aKTqkUnVYtOqhadVC06qVp0UrXopGrRSdWik6pFJ1WLTqoWnVQt+h84LEoWEZqcFAAAAABJRU5ErkJggg=='),
(38, 19, 2, 1, 'data:image/png;base64,iVBORw0KGgoAAAANSUhEUgAAAJQAAACUCAYAAAB1PADUAAAAAklEQVR4AewaftIAAAUOSURBVO3BQY7gyBHAQLLQ//8y3cc8CRBUM+u1M8J+sdYlh7UuOqx10WGtiw5rXXRY66LDWhcd1rrosNZFh7UuOqx10WGtiw5rXXRY66LDWhcd1rroh49U/qaKJypTxaQyVTxRmSreUHmjYlL5myq+OKx10WGtiw5rXfTDZRU3qTxRmSomlaliUnlS8UXFE5U3Km5Suemw1kWHtS46rHXRD3+YyhsVb1RMKlPFk4o3VKaKN1RuUnmj4k86rHXRYa2LDmtd9MP/mIonKm9UTBWTypOKqWJS+V9yWOuiw1oXHda66Id/OZUnFVPFpPInqfw/Oax10WGtiw5rXfTDH1bxJ1VMKl9UTCpvVDxRmSq+qPhvcljrosNaFx3WuuiHy1T+JpWpYlKZKr6omFSeqEwVk8pU8UTlv9lhrYsOa110WOsi+8X/EZWp4g2VqWJSeaPif8lhrYsOa110WOsi+8UHKlPFpDJVTCpTxaQyVbyh8kbFGypTxaQyVUwqU8UbKlPFE5Wp4qbDWhcd1rrosNZF9osPVKaKL1SmiicqU8Wk8qRiUpkqJpUvKp6oPKl4ojJVPFGZKr44rHXRYa2LDmtd9MNHFW+oTBVPVL6omFQmlaliUrlJZap4UjGpPKmYVP6mw1oXHda66LDWRfaLD1SeVDxReVLxhsobFZPKk4pJ5Z9UMalMFZPKVHHTYa2LDmtddFjrIvvFBypTxaQyVTxReVLxROWNiicqTyomlaniDZWpYlJ5UvFE5UnFF4e1LjqsddFhrYt+uEzlicpU8aTiicpUMalMFf8klaniJpWpYqqYVG46rHXRYa2LDmtdZL+4SGWqmFSmiicqTyq+UHlS8YbKk4pJ5aaKSeWNii8Oa110WOuiw1oX2S8+UJkqJpUvKiaVNypuUpkqJpU3Kp6oPKmYVN6ouOmw1kWHtS46rHWR/eIilaliUpkqnqg8qZhUnlRMKlPFGypvVEwqTyomlaniDZUnFV8c1rrosNZFh7Uu+uEPU5kqnqhMFZPKpDJVTCpvqEwVk8qTiicqU8UXKlPFpDJVTCo3Hda66LDWRYe1LvrhI5Wp4ouKSWWqmFQmlScqU8UTlS9UpoqbKiaVqWJS+ZMOa110WOuiw1oX/fBRxaTyRsWkMlW8UfFE5YnKk4pJZVJ5Q+VJxVQxqUwVk8qTipsOa110WOuiw1oX2S8+UJkq3lD5ouKJylTxhsqTikllqniiclPFP+mw1kWHtS46rHXRDx9VfFHxhcqTir+pYlJ5o+INlTdUnlR8cVjrosNaFx3WuuiHj1T+poqp4onKk4pJZaq4qWJSeaIyVTxRmSr+psNaFx3Wuuiw1kU/XFZxk8oXFZPKpDJVPFGZKt5QeaPijYpJ5UnFTYe1LjqsddFhrYt++MNU3qh4Q2WqeFIxqbxRMalMFV+ofKEyVUwqk8pU8cVhrYsOa110WOuiH/7lKiaVqeJJxRsqT1TeqHiiMlU8UXmj4qbDWhcd1rrosNZFP/zLqUwV/6SKSWWq+ELlScWTikllqvjisNZFh7UuOqx1kf3iA5Wp4iaVqeINlScVX6g8qbhJ5Y2KSWWquOmw1kWHtS46rHXRD5ep/E0qU8VUMak8UfmiYlKZKp6ofFExqTxRmSq+OKx10WGtiw5rXWS/WOuSw1oXHda66LDWRYe1LjqsddFhrYsOa110WOuiw1oXHda66LDWRYe1LjqsddFhrYsOa130HzArcS5S1hGdAAAAAElFTkSuQmCC'),
(43, 19, 3, 1, 'data:image/png;base64,iVBORw0KGgoAAAANSUhEUgAAAJQAAACUCAYAAAB1PADUAAAAAklEQVR4AewaftIAAAUFSURBVO3BQY7gyBHAQLLQ//8yPcc8CRBUPfauM8L+YK1LDmtddFjrosNaFx3Wuuiw1kWHtS46rHXRYa2LDmtddFjrosNaFx3Wuuiw1kWHtS46rHXRDx+p/E0VT1SeVEwqU8WkMlW8ofJGxaTyN1V8cVjrosNaFx3WuuiHyypuUnmi8obKVDGpTBVfVDxReaPiJpWbDmtddFjrosNaF/3wy1TeqHij4guVqeKJylTxhspNKm9U/KbDWhcd1rrosNZFP/zLqEwVk8pUMalMFVPFpPKkYqqYVP5NDmtddFjrosNaF/3wD6fyRsWk8ptU/p8c1rrosNZFh7Uu+uGXVfymipsqJpU3Kp6oTBVfVPwvOax10WGtiw5rXfTDZSp/k8pUMalMFV9UTCpPVKaKSWWqeKLyv+yw1kWHtS46rHWR/cH/EZUnFU9UpopJ5Y2Kf5PDWhcd1rrosNZFP3ykMlVMKlPFpDJVTCpTxRsqU8UXFZPKVDGpTBWTylTxhspU8URlqrjpsNZFh7UuOqx1kf3BBypTxROVqWJSmSomlTcqJpWpYlKZKiaVLyqeqDypeKIyVTxRmSq+OKx10WGtiw5rXfTDL1OZKiaVqWJSeVIxqUwqT1SmiknlJpWp4knFpPKkYlL5mw5rXXRY66LDWhfZH1yk8qRiUnlSMalMFTepPKmYVP6bKiaVqWJSmSpuOqx10WGtiw5rXWR/8IHKVDGp3FQxqdxUMak8qZhUpoo3VKaKSeVJxROVJxVfHNa66LDWRYe1Lvrhl1VMKlPFpDJVPKmYVKaKSeW/SWWquEllqpgqJpWbDmtddFjrosNaF/3wUcUTlS9Upoo3VJ5UTCpTxRcqU8Wk8kTljYpJ5W86rHXRYa2LDmtdZH9wkcqTii9UnlT8JpWpYlJ5o+KJypOKSeWNipsOa110WOuiw1oX2R98oPJGxRsqN1VMKlPFGypvVEwqTyomlaniDZUnFV8c1rrosNZFh7Uusj+4SOWNikllqnhD5aaKSeVJxROVqeINlScVk8pUMalMFV8c1rrosNZFh7Uu+uEjlaliUvlC5Y2KSWWqmFSmiknlC5Wp4qaKSWWqmFR+02Gtiw5rXXRY6yL7g4tUbqqYVN6omFSmiknlScWk8kbFpPKk4onKVDGpPKm46bDWRYe1LjqsdZH9wQcqU8WkMlW8oTJVTCpfVDxReVIxqUwVT1RuqvhvOqx10WGtiw5rXfTDRxVPKr6o+E0qU8UXFZPKGxVvqLyh8qTii8NaFx3Wuuiw1kU/fKTyN1VMFZPKVDGpPFGZKm6qmFSeqEwVT1Smir/psNZFh7UuOqx10Q+XVdyk8kbFk4pJZap4ojJVvKHyRsUbFZPKk4qbDmtddFjrosNaF/3wy1TeqHhDZap4ovJFxaQyVXyh8oXKVDGpTCpTxReHtS46rHXRYa2LfviHq5hUpoo3VKaKSeWmiicqU8UTlTcqbjqsddFhrYsOa130wz+cylTxRsWk8psqvlB5UvGkYlKZKr44rHXRYa2LDmtd9MMvq/hNFZPKVPFGxaQyVUwqk8pU8UXFpPJEZaqYVKaKmw5rXXRY66LDWhfZH3yg8jdVTCpvVEwqN1VMKlPFE5UvKiaVNyq+OKx10WGtiw5rXWR/sNYlh7UuOqx10WGtiw5rXXRY66LDWhcd1rrosNZFh7UuOqx10WGtiw5rXXRY66LDWhcd1rroP5P7cSVpjMtVAAAAAElFTkSuQmCC'),
(44, 20, 1, 1, 'data:image/png;base64,iVBORw0KGgoAAAANSUhEUgAAAJQAAACUCAYAAAB1PADUAAAAAklEQVR4AewaftIAAATNSURBVO3BQW4EyREEwfDC/P/LLt6UpwIancNdSmGGP1K15KRq0UnVopOqRSdVi06qFp1ULTqpWnRSteikatFJ1aKTqkUnVYtOqhadVC06qVr0yUtAfpOaCcik5gkgb6i5ATKpmYBMaiYgv0nNGydVi06qFp1ULfpkmZpNQJ4AcqPmCTU3QCY1k5oJyBtqNgHZdFK16KRq0UnVok++DMgTap5QMwG5AXKj5g0gk5obNW8AeULNN51ULTqpWnRSteiTPw7IpGYTkBs19V8nVYtOqhadVC365I9TMwG5UTMBmdTcqJmA3Kj5f3JSteikatFJ1aJPvkzNP0nNjZoJyKRmAnKjZgIyqdmk5t/kpGrRSdWik6pFnywD8puATGomIJOaCcikZgIyqZmAvAFkUnMD5N/spGrRSdWik6pF+CN/GJAbNROQSc0TQG7U3ACZ1PwvOaladFK16KRq0ScvAZnUTEBu1ExAnlDzhJobIJOaGzU3QCY1TwCZ1NwAmdRMQG7UvHFSteikatFJ1aJPfpmaCcik5gbIBOQJNU8AeQLIpOYJIDdAbtTcqJmAbDqpWnRSteikatEny4BMam7UTECeUDMBuQHyhJobIG8AeULNE0Bu1Gw6qVp0UrXopGrRJy+puQFyo2ZS8wSQSc0EZFIzAZnUfBOQSc0mIJOaGyCTmjdOqhadVC06qVr0yT8MyBNqboA8oeYGyI2abwLyhJoJyKRmUrPppGrRSdWik6pFnywDcqPmDSCTmgnIE0AmNTdqJiCTmk1qJiBvALlR88ZJ1aKTqkUnVYs++TI1bwCZ1ExAngByA2RSMwG5ATKpuQHyhpoJyKRmAvJNJ1WLTqoWnVQtwh95Acg3qfkmIJOaCcikZgIyqZmATGomIJOaCcikZgIyqZmA3KjZdFK16KRq0UnVok+WqbkB8gSQGzUTkG8CcgPkDSCb1ExAvumkatFJ1aKTqkWfvKTmm9RMQN5QMwF5Qs0E5Akgk5oJyF92UrXopGrRSdWiT14CMqnZBGRS8waQSc0E5AbIE2o2AZnUTEBu1HzTSdWik6pFJ1WLPnlJzQ2QSc0NkEnNBORGzRNAnlBzA+QJIDdqboDcqPlNJ1WLTqoWnVQtwh9ZBGRS8wSQGzUTkBs1TwC5UTMB+UvUfNNJ1aKTqkUnVYvwR/4wIG+oeQLIjZoJyKRmAjKpeQLIjZoJyI2aN06qFp1ULTqpWvTJS0B+k5o31ExAJjUTkBs1N2reADKp2aRm00nVopOqRSdViz5ZpmYTkCfUTEBu1ExAvgnIE2qeUDMBmdRMQCY1b5xULTqpWnRSteiTLwPyhJon1ExAngAyqXkCyKRmAjKpmYBMQN4A8oSaTSdVi06qFp1ULfrkjwMyqZmATEBugExqbtTcqHlCzSYgv+mkatFJ1aKTqkWf/I8BcqPmCSCTmhsgbwCZ1ExAJjUTkCeATGreOKladFK16KRq0Sdfpuab1ExAboBMap4AMqnZpGYCMqm5UXMDZFKz6aRq0UnVopOqRZ8sA/KbgExqJiCTmgnIE2o2qZmATGreAPKbTqoWnVQtOqlahD9SteSkatFJ1aKTqkUnVYtOqhadVC06qVp0UrXopGrRSdWik6pFJ1WLTqoWnVQtOqla9B96HiZYripJUQAAAABJRU5ErkJggg=='),
(45, 20, 2, 1, 'data:image/png;base64,iVBORw0KGgoAAAANSUhEUgAAAJQAAACUCAYAAAB1PADUAAAAAklEQVR4AewaftIAAAUcSURBVO3BQQ7kyBHAQLLQ//8y7WOeBAiqGXsXGWH/xVqXHNa66LDWRYe1LjqsddFhrYsOa110WOuiw1oXHda66LDWRYe1LjqsddFhrYsOa110WOuiHx+p/E0VT1SmikllqphUpoonKlPFpDJVvKHyN1V8cVjrosNaFx3WuujHZRU3qTxRmSqeVDypmFS+qLip4iaVmw5rXXRY66LDWhf9+MNU3qh4o+ILlTcqJpVJ5UnFpDJVvKHyRsWfdFjrosNaFx3WuujHv4zKk4qpYlJ5ojJVTCpvVPybHNa66LDWRYe1LvrxD6fyhcpUMalMFU8qJpVJZar4NzmsddFhrYsOa1304w+r+JMqJpU3KiaVqeINlScVN1X8PzmsddFhrYsOa1304zKVv0llqphUnqhMFZPKVDGpTBWTyhOVqeKJyv+zw1oXHda66LDWRT8+qvhfqphUpoo3VG6q+KLin+Sw1kWHtS46rHXRj49UpopJZaqYVKaKSWWq+ELlScWkMqlMFW+o3KQyVTxRmSpuOqx10WGtiw5rXfTjf6ziScWkMlVMFW9U/EkqTyomlScVU8WkMlVMFZPKVPHFYa2LDmtddFjroh8fVbyh8kXFpDJVTCpPVJ5U3FQxqTypmFSeVEwqf9NhrYsOa110WOsi+y8uUvmi4onKVDGpTBVPVKaKJypTxRsqU8Wk8kbFpDJVTCpTxU2HtS46rHXRYa2LflxW8UTlDZWpYlJ5Q2WqeKNiUpkq3lB5UjGpTCpTxRsqU8UXh7UuOqx10WGti378j1U8qXhSMalMKlPFpPKkYlL5omJSuUllqpgqJpWbDmtddFjrosNaF/34SOVPUpkqJpWpYlJ5UvFE5Q2VJxVTxaQyqbxRMan8TYe1LjqsddFhrYt+XFYxqXxRMalMFU8q3lB5UjGpPKmYVJ5UTCpPKiaVNypuOqx10WGtiw5rXfTjL6t4Q+ULlTcqJpVJZap4o2JSmVSmiknlScUTlUllqvjisNZFh7UuOqx10Y+PKiaVJypTxZOKLyomlb9J5UnFFypTxZOKSeWmw1oXHda66LDWRT8+UpkqJpUnKlPFpDJVTCpfVEwqU8UbKlPFE5Wp4o2KSWWqmFT+pMNaFx3Wuuiw1kU/PqqYVJ5UvFExqXxRMalMFU9Upoo3VKaKNyomlaliUnlScdNhrYsOa110WOuiHx+pTBVPVKaKJypTxaQyVTxR+aJiUnmjYlL5kyr+psNaFx3Wuuiw1kU/Pqp4o+KNii9UpopJZVKZKiaVL1SeVLyh8obKk4ovDmtddFjrosNaF/34SOVvqpgqvqh4ovJGxZOKSeWJylTxRGWq+JsOa110WOuiw1oX/bis4iaVN1S+UHlSMalMKlPFpPJGxRsVk8qTipsOa110WOuiw1oX/fjDVN6oeENlqviiYlKZVKaKJypTxaQyqXyhMlVMKpPKVPHFYa2LDmtddFjroh//cBWTypOKSeVPqphUpopJZap4Q+WNipsOa110WOuiw1oX/fiHU7mpYlKZKp6oTBVTxRcqTyqeVEwqU8UXh7UuOqx10WGti378YRV/UsVNKk9Upoqp4g2VqWJSeUNlqphUpoqbDmtddFjrosNaF/24TOVvUpkqJpUnFV+oTBVPVKaKSeWLiknlicpU8cVhrYsOa110WOsi+y/WuuSw1kWHtS46rHXRYa2LDmtddFjrosNaFx3Wuuiw1kWHtS46rHXRYa2LDmtddFjrosNaF/0H5o9rW4m9ysEAAAAASUVORK5CYII='),
(46, 20, 3, 1, 'data:image/png;base64,iVBORw0KGgoAAAANSUhEUgAAAJQAAACUCAYAAAB1PADUAAAAAklEQVR4AewaftIAAAUcSURBVO3BQW4kRxDAQLIw//8yvcc8NdCYkuw1MsL+YK1LDmtddFjrosNaFx3Wuuiw1kWHtS46rHXRYa2LDmtddFjrosNaFx3Wuuiw1kWHtS46rHXRhy+p/KaKJypTxROVJxVPVKaKSWWqeEPlN1V847DWRYe1LjqsddGHyypuUnmi8o2KJyrfqLip4iaVmw5rXXRY66LDWhd9+GEqb1S8UfFE5aaKSWVSeVIxqUwVb6i8UfGTDmtddFjrosNaF334n1GZKiaVqWJSeaIyVUwqb1T8nxzWuuiw1kWHtS768JdTualiUpkqnlRMKpPKVPF/cljrosNaFx3WuujDD6v4SRWTyqTyhspU8YbKk4qbKv5LDmtddFjrosNaF324TOU3qUwVk8pUMalMFZPKVDGpTBWTyhOVqeKJyn/ZYa2LDmtddFjrog9fqvg3Vbyh8kTlpopvVPxNDmtddFjrosNaF334kspUMalMFZPKVDGpTBVPVKaKb6hMKlPFGyo3qUwVT1SmipsOa110WOuiw1oXffhSxaQyVUwqb1Q8UZkqJpWpYlKZKm5SeVIxqTypmComlaliqphUpopvHNa66LDWRYe1LvrwJZWpYlKZKp6ovFHxpOJJxaQyVdxUMak8qZhUnlRMKr/psNZFh7UuOqx10YcfVjGpTBVPKiaVSWWqmFSmikllqniiMlU8qZhUpopJZVJ5UjGpTBWTylRx02Gtiw5rXXRY66IP/zKVqWJSeVLxmyomlaniDZUnFZPKpDJVvKEyVXzjsNZFh7UuOqx1kf3BRSpTxROVJxWTylQxqdxUMak8qXhD5UnFpPJGxROVqeIbh7UuOqx10WGti+wPLlL5L6l4ojJVTCo3VTxR+UbFpPJGxTcOa110WOuiw1oXffiXVUwqU8WkMlV8o2JSeVIxqTypmFSeVEwqTyomlTcqbjqsddFhrYsOa11kf/AFlaniDZWpYlJ5UjGpPKl4Q+VJxTdUnlRMKlPFGypPKr5xWOuiw1oXHda66MOXKm5SmSomlUllqvgvUXlS8Q2VqeJJxaRy02Gtiw5rXXRY66IPX1KZKiaVb6g8qXiiMlVMKk8q3lCZKp6oTBVvVEwqU8Wk8pMOa110WOuiw1oXffhSxaQyVTxReVIxqXxDZap4Q2WqeENlqnijYlKZKiaVJxU3Hda66LDWRYe1LrI/+ILKVDGpPKl4ojJVPFH5RsUbKk8qnqjcVPFvOqx10WGtiw5rXWR/8BdTmSomlaliUnlSMam8UTGpPKl4Q2WqeKLypOIbh7UuOqx10WGtiz58SeU3VUwVTyomlScVk8pNFZPKE5Wp4onKVPGbDmtddFjrosNaF324rOImlTdUpoqp4onKk4pJ5Q2VNyreqJhUnlTcdFjrosNaFx3WuujDD1N5o+INlaniDZWpYlKZVKaKJypTxaQyqXxDZaqYVCaVqeIbh7UuOqx10WGtiz785SomlScVv6liUpkqJpWp4g2VNypuOqx10WGtiw5rXfThL6dyk8qTiicqU8VU8Q2VJxVPKiaVqeIbh7UuOqx10WGtiz78sIqfVDGpTBVvVEwqk8pUMVW8oTJVTCpvqEwVk8pUcdNhrYsOa110WOuiD5ep/CaVJyrfqHiiMlU8UZkqJpVvVEwqT1Smim8c1rrosNZFh7Uusj9Y65LDWhcd1rrosNZFh7UuOqx10WGtiw5rXXRY66LDWhcd1rrosNZFh7UuOqx10WGtiw5rXfQPH8J1RV9BMrcAAAAASUVORK5CYII='),
(47, 27, 1, 1, 'data:image/png;base64,iVBORw0KGgoAAAANSUhEUgAAAJQAAACUCAYAAAB1PADUAAAAAklEQVR4AewaftIAAATNSURBVO3BQW4EyREEwfDC/P/LLt6UpwIancNdSmGGP1K15KRq0UnVopOqRSdVi06qFp1ULTqpWnRSteikatFJ1aKTqkUnVYtOqhadVC06qVr0yUtAfpOaCcik5gkgb6i5ATKpmYBMaiYgv0nNGydVi06qFp1ULfpkmZpNQJ4AcqPmCTU3QCY1k5oJyBtqNgHZdFK16KRq0UnVok++DMgTap5QMwG5AXKj5g0gk5obNW8AeULNN51ULTqpWnRSteiTPw7IpGYTkBs19V8nVYtOqhadVC365I9TMwG5UTMBmdTcqJmA3Kj5f3JSteikatFJ1aJPvkzNP0nNjZoJyKRmAnKjZgIyqdmk5t/kpGrRSdWik6pFnywD8puATGomIJOaCcikZgIyqZmAvAFkUnMD5N/spGrRSdWik6pF+CN/GJAbNROQSc0TQG7U3ACZ1PwvOaladFK16KRq0ScvAZnUTEBu1ExAnlDzhJobIJOaGzU3QCY1TwCZ1NwAmdRMQG7UvHFSteikatFJ1aJPfpmaCcik5gbIBOQJNU8AeQLIpOYJIDdAbtTcqJmAbDqpWnRSteikatEny4BMam7UTECeUDMBuQHyhJobIG8AeULNE0Bu1Gw6qVp0UrXopGrRJy+puQFyo2ZS8wSQSc0EZFIzAZnUfBOQSc0mIJOaGyCTmjdOqhadVC06qVr0yT8MyBNqboA8oeYGyI2abwLyhJoJyKRmUrPppGrRSdWik6pFnywDcqPmDSCTmgnIE0AmNTdqJiCTmk1qJiBvALlR88ZJ1aKTqkUnVYs++TI1bwCZ1ExAngByA2RSMwG5ATKpuQHyhpoJyKRmAvJNJ1WLTqoWnVQtwh95Acg3qfkmIJOaCcikZgIyqZmATGomIJOaCcikZgIyqZmA3KjZdFK16KRq0UnVok+WqbkB8gSQGzUTkG8CcgPkDSCb1ExAvumkatFJ1aKTqkWfvKTmm9RMQN5QMwF5Qs0E5Akgk5oJyF92UrXopGrRSdWiT14CMqnZBGRS8waQSc0E5AbIE2o2AZnUTEBu1HzTSdWik6pFJ1WLPnlJzQ2QSc0NkEnNBORGzRNAnlBzA+QJIDdqboDcqPlNJ1WLTqoWnVQtwh9ZBGRS8wSQGzUTkBs1TwC5UTMB+UvUfNNJ1aKTqkUnVYvwR/4wIG+oeQLIjZoJyKRmAjKpeQLIjZoJyI2aN06qFp1ULTqpWvTJS0B+k5o31ExAJjUTkBs1N2reADKp2aRm00nVopOqRSdViz5ZpmYTkCfUTEBu1ExAvgnIE2qeUDMBmdRMQCY1b5xULTqpWnRSteiTLwPyhJon1ExAngAyqXkCyKRmAjKpmYBMQN4A8oSaTSdVi06qFp1ULfrkjwMyqZmATEBugExqbtTcqHlCzSYgv+mkatFJ1aKTqkWf/I8BcqPmCSCTmhsgbwCZ1ExAJjUTkCeATGreOKladFK16KRq0Sdfpuab1ExAboBMap4AMqnZpGYCMqm5UXMDZFKz6aRq0UnVopOqRZ8sA/KbgExqJiCTmgnIE2o2qZmATGreAPKbTqoWnVQtOqlahD9SteSkatFJ1aKTqkUnVYtOqhadVC06qVp0UrXopGrRSdWik6pFJ1WLTqoWnVQtOqla9B96HiZYripJUQAAAABJRU5ErkJggg=='),
(48, 27, 2, 1, 'data:image/png;base64,iVBORw0KGgoAAAANSUhEUgAAAJQAAACUCAYAAAB1PADUAAAAAklEQVR4AewaftIAAAUcSURBVO3BQQ7kyBHAQLLQ//8y7WOeBAiqGXsXGWH/xVqXHNa66LDWRYe1LjqsddFhrYsOa110WOuiw1oXHda66LDWRYe1LjqsddFhrYsOa110WOuiHx+p/E0VT1SmikllqphUpoonKlPFpDJVvKHyN1V8cVjrosNaFx3WuujHZRU3qTxRmSqeVDypmFS+qLip4iaVmw5rXXRY66LDWhf9+MNU3qh4o+ILlTcqJpVJ5UnFpDJVvKHyRsWfdFjrosNaFx3WuujHv4zKk4qpYlJ5ojJVTCpvVPybHNa66LDWRYe1LvrxD6fyhcpUMalMFU8qJpVJZar4NzmsddFhrYsOa1304w+r+JMqJpU3KiaVqeINlScVN1X8PzmsddFhrYsOa1304zKVv0llqphUnqhMFZPKVDGpTBWTyhOVqeKJyv+zw1oXHda66LDWRT8+qvhfqphUpoo3VG6q+KLin+Sw1kWHtS46rHXRj49UpopJZaqYVKaKSWWq+ELlScWkMqlMFW+o3KQyVTxRmSpuOqx10WGtiw5rXfTjf6ziScWkMlVMFW9U/EkqTyomlScVU8WkMlVMFZPKVPHFYa2LDmtddFjroh8fVbyh8kXFpDJVTCpPVJ5U3FQxqTypmFSeVEwqf9NhrYsOa110WOsi+y8uUvmi4onKVDGpTBVPVKaKJypTxRsqU8Wk8kbFpDJVTCpTxU2HtS46rHXRYa2LflxW8UTlDZWpYlJ5Q2WqeKNiUpkq3lB5UjGpTCpTxRsqU8UXh7UuOqx10WGti378j1U8qXhSMalMKlPFpPKkYlL5omJSuUllqpgqJpWbDmtddFjrosNaF/34SOVPUpkqJpWpYlJ5UvFE5Q2VJxVTxaQyqbxRMan8TYe1LjqsddFhrYt+XFYxqXxRMalMFU8q3lB5UjGpPKmYVJ5UTCpPKiaVNypuOqx10WGtiw5rXfTjL6t4Q+ULlTcqJpVJZap4o2JSmVSmiknlScUTlUllqvjisNZFh7UuOqx10Y+PKiaVJypTxZOKLyomlb9J5UnFFypTxZOKSeWmw1oXHda66LDWRT8+UpkqJpUnKlPFpDJVTCpfVEwqU8UbKlPFE5Wp4o2KSWWqmFT+pMNaFx3Wuuiw1kU/PqqYVJ5UvFExqXxRMalMFU9Upoo3VKaKNyomlaliUnlScdNhrYsOa110WOuiHx+pTBVPVKaKJypTxaQyVTxR+aJiUnmjYlL5kyr+psNaFx3Wuuiw1kU/Pqp4o+KNii9UpopJZVKZKiaVL1SeVLyh8obKk4ovDmtddFjrosNaF/34SOVvqpgqvqh4ovJGxZOKSeWJylTxRGWq+JsOa110WOuiw1oX/bis4iaVN1S+UHlSMalMKlPFpPJGxRsVk8qTipsOa110WOuiw1oX/fjDVN6oeENlqviiYlKZVKaKJypTxaQyqXyhMlVMKpPKVPHFYa2LDmtddFjroh//cBWTypOKSeVPqphUpopJZap4Q+WNipsOa110WOuiw1oX/fiHU7mpYlKZKp6oTBVTxRcqTyqeVEwqU8UXh7UuOqx10WGti378YRV/UsVNKk9Upoqp4g2VqWJSeUNlqphUpoqbDmtddFjrosNaF/24TOVvUpkqJpUnFV+oTBVPVKaKSeWLiknlicpU8cVhrYsOa110WOsi+y/WuuSw1kWHtS46rHXRYa2LDmtddFjrosNaFx3Wuuiw1kWHtS46rHXRYa2LDmtddFjrosNaF/0H5o9rW4m9ysEAAAAASUVORK5CYII='),
(49, 27, 3, 1, 'data:image/png;base64,iVBORw0KGgoAAAANSUhEUgAAAJQAAACUCAYAAAB1PADUAAAAAklEQVR4AewaftIAAAUcSURBVO3BQW4kRxDAQLIw//8yvcc8NdCYkuw1MsL+YK1LDmtddFjrosNaFx3Wuuiw1kWHtS46rHXRYa2LDmtddFjrosNaFx3Wuuiw1kWHtS46rHXRhy+p/KaKJypTxROVJxVPVKaKSWWqeEPlN1V847DWRYe1LjqsddGHyypuUnmi8o2KJyrfqLip4iaVmw5rXXRY66LDWhd9+GEqb1S8UfFE5aaKSWVSeVIxqUwVb6i8UfGTDmtddFjrosNaF334n1GZKiaVqWJSeaIyVUwqb1T8nxzWuuiw1kWHtS768JdTualiUpkqnlRMKpPKVPF/cljrosNaFx3WuujDD6v4SRWTyqTyhspU8YbKk4qbKv5LDmtddFjrosNaF324TOU3qUwVk8pUMalMFZPKVDGpTBWTyhOVqeKJyn/ZYa2LDmtddFjrog9fqvg3Vbyh8kTlpopvVPxNDmtddFjrosNaF334kspUMalMFZPKVDGpTBVPVKaKb6hMKlPFGyo3qUwVT1SmipsOa110WOuiw1oXffhSxaQyVUwqb1Q8UZkqJpWpYlKZKm5SeVIxqTypmComlaliqphUpopvHNa66LDWRYe1LvrwJZWpYlKZKp6ovFHxpOJJxaQyVdxUMak8qZhUnlRMKr/psNZFh7UuOqx10YcfVjGpTBVPKiaVSWWqmFSmikllqniiMlU8qZhUpopJZVJ5UjGpTBWTylRx02Gtiw5rXXRY66IP/zKVqWJSeVLxmyomlaniDZUnFZPKpDJVvKEyVXzjsNZFh7UuOqx1kf3BRSpTxROVJxWTylQxqdxUMak8qXhD5UnFpPJGxROVqeIbh7UuOqx10WGti+wPLlL5L6l4ojJVTCo3VTxR+UbFpPJGxTcOa110WOuiw1oXffiXVUwqU8WkMlV8o2JSeVIxqTypmFSeVEwqTyomlTcqbjqsddFhrYsOa11kf/AFlaniDZWpYlJ5UjGpPKl4Q+VJxTdUnlRMKlPFGypPKr5xWOuiw1oXHda66MOXKm5SmSomlUllqvgvUXlS8Q2VqeJJxaRy02Gtiw5rXXRY66IPX1KZKiaVb6g8qXiiMlVMKk8q3lCZKp6oTBVvVEwqU8Wk8pMOa110WOuiw1oXffhSxaQyVTxReVIxqXxDZap4Q2WqeENlqnijYlKZKiaVJxU3Hda66LDWRYe1LrI/+ILKVDGpPKl4ojJVPFH5RsUbKk8qnqjcVPFvOqx10WGtiw5rXWR/8BdTmSomlaliUnlSMam8UTGpPKl4Q2WqeKLypOIbh7UuOqx10WGtiz58SeU3VUwVTyomlScVk8pNFZPKE5Wp4onKVPGbDmtddFjrosNaF324rOImlTdUpoqp4onKk4pJ5Q2VNyreqJhUnlTcdFjrosNaFx3WuujDD1N5o+INlaniDZWpYlKZVKaKJypTxaQyqXxDZaqYVCaVqeIbh7UuOqx10WGtiz785SomlScVv6liUpkqJpWp4g2VNypuOqx10WGtiw5rXfThL6dyk8qTiicqU8VU8Q2VJxVPKiaVqeIbh7UuOqx10WGtiz78sIqfVDGpTBVvVEwqk8pUMVW8oTJVTCpvqEwVk8pUcdNhrYsOa110WOuiD5ep/CaVJyrfqHiiMlU8UZkqJpVvVEwqT1Smim8c1rrosNZFh7Uusj9Y65LDWhcd1rrosNZFh7UuOqx10WGtiw5rXXRY66LDWhcd1rrosNZFh7UuOqx10WGtiw5rXfQPH8J1RV9BMrcAAAAASUVORK5CYII='),
(66, 29, 1, 1, 'data:image/png;base64,iVBORw0KGgoAAAANSUhEUgAAAKQAAACkCAYAAAAZtYVBAAAAAklEQVR4AewaftIAAAYfSURBVO3BQY4cSRLAQDLQ//8yV0c/JZCoam2M4Gb2B2td4rDWRQ5rXeSw1kUOa13ksNZFDmtd5LDWRQ5rXeSw1kUOa13ksNZFDmtd5LDWRQ5rXeSw1kV++JDK31TxROVJxaTypGJS+U0V36TyN1V84rDWRQ5rXeSw1kV++LKKb1J5o+KNikllUpkqnqhMFZPKVPFE5Y2KJxXfpPJNh7UucljrIoe1LvLDL1N5o+INlaliUvlExaTyhsoTlaliqphUpopPqLxR8ZsOa13ksNZFDmtd5Id/XMWk8qRiUpkqJpWp4onKE5U3VKaK/7LDWhc5rHWRw1oX+eEfp/KkYlKZKiaVqWJSeVLxRGWqeKLyLzmsdZHDWhc5rHWRH35Zxd+kMlU8UfmEyidUpopJZar4poqbHNa6yGGtixzWusgPX6by/1QxqUwVTyomlaliUpkqJpWbqNzssNZFDmtd5LDWRewP/sNUnlS8oTJVTCpTxaTypOINlTcq/ssOa13ksNZFDmtd5IcPqUwVk8o3VUwVk8oTlb+p4g2VJxWTyhOVb6r4TYe1LnJY6yKHtS7ywy+rmFSmik+oTBVvVDxReaIyVUwqTyreUJkqJpUnFZPKGypPKj5xWOsih7UucljrIvYHX6QyVXxCZap4ojJVTCpPKr5JZap4ojJV/CaVqWJSeVLxTYe1LnJY6yKHtS7yw+UqvqniDZWp4o2KT6hMFZPKVDGpTBVTxaTypOI3Hda6yGGtixzWusgPH1J5ovKk4onKGxWTypOKJxWTylTxROVJxZOKN1SeqEwVTyqeqEwVnzisdZHDWhc5rHUR+4NfpPKk4g2VNyreUPlExRsqU8Wk8qTiEypTxROVJxWfOKx1kcNaFzmsdZEfvkxlqviEyhsVk8obFZPKVPFEZaqYVKaKJxVPVKaKJypTxScqvumw1kUOa13ksNZF7A8+oPKJik+oTBWTylQxqUwVb6h8U8UTlScVk8o3Vfymw1oXOax1kcNaF7E/+IDKVDGpTBVPVL6pYlKZKiaVqeKbVKaKJypPKt5QeVLxhspU8YnDWhc5rHWRw1oXsT/4gMqTiknlScUTlU9UPFH5TRWTylQxqUwVk8pU8YbKGxW/6bDWRQ5rXeSw1kV++FDFpPJGxROVqeKJylQxqUwVTyreUJkqnlS8oTJVTCpTxRsVk8qk8qTiE4e1LnJY6yKHtS5if/ABlaniDZUnFZPKGxW/SeWbKt5QmSo+ofKkYlKZKj5xWOsih7UucljrIj/8MpUnFU9UnlRMKk9UpopJ5RMVb6hMKk8qpopJ5ZsqnlR802GtixzWushhrYv88JdVTCpPKr6p4knFpPKkYlJ5UjFVvKEyVTypeKLyRGWqmFSmik8c1rrIYa2LHNa6yA+XU5kqJpWpYlJ5o2KqmFQmlU+oTBWTylQxqbyhMlU8UZlUpopvOqx1kcNaFzmsdZEfLlcxqTxReaPiExWTyhsVk8pUMak8qZhUpopJ5Y2K33RY6yKHtS5yWOsiP/yyik+ovFExqfw/VTxR+SaVJypvVEwqU8U3Hda6yGGtixzWusgPH6r4RMUnVL5J5Q2VqWJSmSqmiknlExVvqEwVk8rfdFjrIoe1LnJY6yI/fEjlb6qYKiaVJxWTylTxL1GZKr5JZar4xGGtixzWushhrYv88GUV36TyRGWqeKLyhspUMalMFVPFE5UnKlPFpPKk4psqJpVvOqx1kcNaFzmsdZEffpnKGxV/U8UnKp6oTBVTxaQyVUwqT1S+qWJS+U2HtS5yWOsih7Uu8sM/TmWqeKNiUnlSMVU8UZkqJpUnFZPKVDGpvKEyVfymw1oXOax1kcNaF/nhH6PyCZWpYqr4hMpUMalMFZPK31TxNx3WushhrYsc1rrID7+s4jdVTCpPVKaKT6hMFZPKE5U3KiaVqWJSeVIxqTyp+E2HtS5yWOsih7UuYn/wAZW/qWJSeaPim1SeVEwqTyqeqEwVb6hMFU9UnlR802GtixzWushhrYvYH6x1icNaFzmsdZHDWhc5rHWRw1oXOax1kcNaFzmsdZHDWhc5rHWRw1oXOax1kcNaFzmsdZHDWhf5H8K6AlviucLfAAAAAElFTkSuQmCC'),
(89, 27, 4, 1, 'data:image/png;base64,iVBORw0KGgoAAAANSUhEUgAAAKQAAACkCAYAAAAZtYVBAAAAAklEQVR4AewaftIAAAYcSURBVO3BQW4ER5IAQfcE//9lXx7jVEChm1JqNszsF2td4rDWRQ5rXeSw1kUOa13ksNZFDmtd5LDWRQ5rXeSw1kUOa13ksNZFDmtd5LDWRQ5rXeSw1kV++JDKP6liUnmjYlKZKiaVqWJSeaPiicpU8QmVf1LFJw5rXeSw1kUOa13khy+r+CaVJxWTylTxpOJJxaQyVUwqU8UTlScqb1Q8qfgmlW86rHWRw1oXOax1kR/+mMobFZ+o+ITKVPFGxROVJxWTylQxqXxC5Y2Kv3RY6yKHtS5yWOsiP/zHqTypeKNiUpkqnqh8QmWqeFLxv+Sw1kUOa13ksNZFfvh/RmWquEnFGypTxX/ZYa2LHNa6yGGti/zwxyr+SRVPKiaVqeINlU9UTCpPKr6p4iaHtS5yWOsih7Uu8sOXqdxEZar4SxWTylQxqUwVk8o3qdzssNZFDmtd5LDWRewX/2Eqf6liUnlS8ZdUpor/JYe1LnJY6yKHtS7yw4dUpoo3VKaKSeWNijdUpopJZap4ojJVTCpPKiaVJyp/qeKJylTxicNaFzmsdZHDWhexX3yRypOKT6hMFZPKVDGpTBWTylTxRGWqmFSmikllqphUnlS8ofKJir90WOsih7UucljrIvaLL1KZKp6oTBWTylTxhspU8U0qTyreUPlExSdUpopJZar4psNaFzmsdZHDWhf54UMqU8U3VbyhMlVMKk8qJpWp4g2VqeKNikllqniiMlVMKlPFk4q/dFjrIoe1LnJY6yL2iw+oTBVPVKaKJypTxaTyT6p4Q2WqmFSmijdUpopPqEwVk8pU8U2HtS5yWOsih7UuYr/4QypTxSdUpoonKk8qPqEyVTxRmSomlTcqJpVPVPybDmtd5LDWRQ5rXeSHD6k8qXii8kbFpDJVTBWTyqQyVUwqU8UbKm9UTCpvVDxReaLyRsU3Hda6yGGtixzWuoj94otUpoonKk8qJpWp4r9E5UnFpDJVvKHypOImh7UucljrIoe1LmK/+IDKJyomlTcq3lCZKp6oPKn4hMonKiaVJxWTylTxRGWq+KbDWhc5rHWRw1oXsV/8IZWpYlKZKj6h8qTiicpU8UTlExWTypOKSeUmFZ84rHWRw1oXOax1kR/+WMWk8kTlScWTijdUpopJZap4UjGpTBVPKr6p4g2VqWJS+UuHtS5yWOsih7UuYr/4D1F5o2JSeVLxl1SeVEwqTyo+oTJVvKEyVXzisNZFDmtd5LDWRX74kMpU8YbKVDGpTBWTylTxRsWkMlU8UZkq3qh4o+IvqUwVk8pfOqx1kcNaFzmsdZEfLqMyVUwqU8UTlU+oTBVTxaTyhsqTikllqnii8gmVJxXfdFjrIoe1LnJY6yL2i4upTBWTylTxROVJxROVqeITKlPFE5WpYlKZKiaVNyomlanimw5rXeSw1kUOa13EfvEPUpkq3lCZKiaVqWJSeVLxROVJxSdUnlS8oTJV3Oyw1kUOa13ksNZF7BcfUPk3VUwqb1RMKk8qnqhMFZPKVPGGyl+qeENlqvjEYa2LHNa6yGGti/zwoYp/k8o3VbyhMlVMKk9UpopPVLyh8kRlqvhLh7UucljrIoe1LvLDh1T+SRVPKp6o/CWVqeINlScVk8oTlaniicpUMan8pcNaFzmsdZHDWhf54csqvknlScWk8qTiicqTiqliUplUpopJ5UnFpPJGxTdVTCrfdFjrIoe1LnJY6yI//DGVNyreUJkqJpVJ5RMqU8VUMalMKk8qPqHyiYo3Kr7psNZFDmtd5LDWRX74j6uYVKaKN1SeVEwqU8VUMalMFZPKGxVPVKaKSWVSmSomlScVnzisdZHDWhc5rHWRH/6fUXmj4g2Vv1QxqTypmFSmikllUpkq/tJhrYsc1rrIYa2L/PDHKm5S8UTljYpJZaqYVCaVN1SmiicqT1Smin/TYa2LHNa6yGGti/zwZSr/JJWpYlJ5UvFE5ZsqnqhMFZPKE5UnFW+oTBWTylTxicNaFzmsdZHDWhexX6x1icNaFzmsdZHDWhc5rHWRw1oXOax1kcNaFzmsdZHDWhc5rHWRw1oXOax1kcNaFzmsdZHDWhf5P3o/DEhNTSYqAAAAAElFTkSuQmCC'),
(90, 27, 5, 1, 'data:image/png;base64,iVBORw0KGgoAAAANSUhEUgAAAKQAAACkCAYAAAAZtYVBAAAAAklEQVR4AewaftIAAAYhSURBVO3BQY4cy5LAQDLQ978yR0vfTAKJqtYLfbiZ/cFalzisdZHDWhc5rHWRw1oXOax1kcNaFzmsdZHDWhc5rHWRw1oXOax1kcNaFzmsdZHDWhc5rHWRHz6k8jdVTCpvVEwqTyomld9U8U0qf1PFJw5rXeSw1kUOa13khy+r+CaVNyqeqHxTxROVN1SeVHyi4ptUvumw1kUOa13ksNZFfvhlKm9UvFExqUwVTyreqHiiMlU8UXlD5UnFGypvVPymw1oXOax1kcNaF/nhH6fym1Smikllqniisv5/h7UucljrIoe1LvLDP65iUplUnqh8ouKNikllqniiMlX8LzmsdZHDWhc5rHWRH35Zxd9UMam8UfEJlaliUnmiMlVMFd9UcZPDWhc5rHWRw1oX+eHLVP4mlaniScWk8kRlqphUpopJZaqYVKaKSWWqmFSmiicqNzusdZHDWhc5rHUR+4N/mMpU8UTlExXfpPJGxf+yw1oXOax1kcNaF/nhQypTxaTypGJSeaPiicpU8U0qn6h4Q2WqeKIyVTxRmSomlScVnzisdZHDWhc5rHWRH35ZxaTypOINlaliqphUpoonKm9UTCpvqHxC5Q2VJyp/02GtixzWushhrYv88GUqb6i8UfFE5UnFN1VMKlPFE5Wp4onKpDJVTCqTyhsVk8pvOqx1kcNaFzmsdZEfflnFpPKk4onKVDGpvKHyCZWpYlJ5UvFGxROVv6nimw5rXeSw1kUOa13khw9VTCqTypOKSeUTFU9UnlQ8UZkqvkllqnii8omKSeVJxaQyVXzisNZFDmtd5LDWRX74kMpUMalMFW9UPFGZKiaVJxWTylQxVUwqb1S8oTJVPKmYVJ6oPFF5UvFNh7UucljrIoe1LvLDL6uYVJ5UTCpTxVQxqUwVn1C5WcWkMlU8UZkqJpWp4jcd1rrIYa2LHNa6iP3BB1Q+UfEJlaliUnlS8QmVb6p4ovKkYlL5porfdFjrIoe1LnJY6yI/fKjiiconVJ5UPKmYVCaVT1RMKp9QeVIxqbxRManc5LDWRQ5rXeSw1kXsD/5hKk8qnqi8UfFEZaqYVN6oeENlqphUpopJZaqYVKaKbzqsdZHDWhc5rHWRHz6k8qRiUvlExVTxhspUMalMFd9U8YbKk4o3KiaVqWJSeaIyVXzisNZFDmtd5LDWRX74sopJ5Y2KJypTxSdUnqi8UfFEZaqYVKaKSeVJxaTypOJJxd90WOsih7UucljrIvYHX6TyRsWk8qRiUpkqJpVvqnhD5Y2KN1Smikllqnii8kbFNx3WushhrYsc1rrIDx9SeVIxqUwqU8UTlaliUnlSMalMFU9UpopJ5UnFJ1Smikllqnii8kbFpDJVfOKw1kUOa13ksNZFfvhQxW9SeaLyhspU8URlqphUpopPqHyTylQxVUwqU8Wk8psOa13ksNZFDmtd5IcvU5kqpoonKlPFpPKk4onKE5Wp4g2VqWJSmSqmiknlm1Smik9UfNNhrYsc1rrIYa2L/PAhlaliUpkqJpUnKp9QmSqeVDxRmSomlScVk8qTikllUvmEylTxXzqsdZHDWhc5rHUR+4N/mMobFZPKk4onKk8qnqhMFW+oTBVvqDypmFSeVHzisNZFDmtd5LDWRX74kMrfVPGkYlJ5UvGGypOKJypTxROVT6hMFU8qnlRMKt90WOsih7UucljrIj98WcU3qXyTypOKJxWTyhsVk8obFZPKk4pPqEwVv+mw1kUOa13ksNZFfvhlKm9UvFExqTypmFSeqDypmFSmijcqPqHyCZUnKlPFNx3WushhrYsc1rrID/84lTdUpopJZap4o2JSeUNlqphUnlR8QuW/dFjrIoe1LnJY6yI/rF9VMalMFZPKGxWTylQxqTyp+C8d1rrIYa2LHNa6yA+/rOI3VTxRmSreUPlExRsVn6h4UvFNKlPFJw5rXeSw1kUOa13E/uADKn9TxaQyVTxReaNiUpkqJpUnFZPKb6p4ojJV/JcOa13ksNZFDmtdxP5grUsc1rrIYa2LHNa6yGGtixzWushhrYsc1rrIYa2LHNa6yGGtixzWushhrYsc1rrIYa2LHNa6yP8BvY7reEiUvIMAAAAASUVORK5CYII='),
(91, 27, 6, 1, 'data:image/png;base64,iVBORw0KGgoAAAANSUhEUgAAAKQAAACkCAYAAAAZtYVBAAAAAklEQVR4AewaftIAAAYqSURBVO3BQY4kRxLAQDLQ//8yd46+lwQSVT0KCW5mf7DWJQ5rXeSw1kUOa13ksNZFDmtd5LDWRQ5rXeSw1kUOa13ksNZFDmtd5LDWRQ5rXeSw1kUOa13khw+p/E0Vb6hMFZPKk4pJ5TdVfJPK31TxicNaFzmsdZHDWhf54csqvknlN1VMKpPKVPFEZaqYVKaKJypvVDyp+CaVbzqsdZHDWhc5rHWRH36ZyhsVb6hMFVPFpPJGxaTyhsoTlaliqphUpopPqLxR8ZsOa13ksNZFDmtd5If1fyomlaliUpkqnqg8UXlDZar4NzusdZHDWhc5rHWRH/7jVKaKSWVSmSomlaliUnlS8URlqnii8l9yWOsih7UucljrIj/8soq/SWWqeFIxqbyh8gmVqWJSmSq+qeImh7UucljrIoe1LvLDl6n8kyomlaliUpkqJpWpYlKZKiaVm6jc7LDWRQ5rXeSw1kV++FDFTVSmikllqphUpopJZaqYVN6o+ETFk4p/k8NaFzmsdZHDWhf54UMqU8Wk8k0VU8Wk8qRiUvlNFW+oPFF5UjGpfFPFbzqsdZHDWhc5rHUR+4O/SOVJxRsqTyomlaniicobFZPKk4pJ5Y2KSeVJxaTyTRWfOKx1kcNaFzmsdZEfPqQyVTypmFSeqEwVU8Wk8obKVDFVfFPFGxVvVHyiYlJ5UvFNh7UucljrIoe1LmJ/8AGVJxVPVJ5U/JNUporfpPKkYlKZKiaVqeKJypOK33RY6yKHtS5yWOsi9gdfpPKk4g2VNyomlScVb6hMFU9UnlRMKlPFE5VPVEwqU8UTlaniE4e1LnJY6yKHtS5if/CLVJ5UfJPKGxWTyicq3lCZKiaVJxWfUJkqnqg8qfjEYa2LHNa6yGGti/zwZSpTxSdUpopJZaqYVKaKSWWqmFSmiicqU8WkMlU8qXiiMlU8UZkqPlHxTYe1LnJY6yKHtS7yw4dU3lCZKp5U/JMqnqg8UXmiMlU8UXlD5YnKGxW/6bDWRQ5rXeSw1kXsDz6gMlVMKlPFE5VvqnhDZar4JpWp4onKk4o3VJ5UvKEyVXzisNZFDmtd5LDWRewPPqDypGJSmSreUPlExROV31QxqUwVk8pUMalMFW+ovFHxmw5rXeSw1kUOa13khy+r+ITKk4onKk9Upoqp4hMqU8WTijdUpopJZap4o2JSmVSeVHzisNZFDmtd5LDWRX74yyreqJhUPlHxhspUMak8UXmjYqp4ojJVvFExqTypmFS+6bDWRQ5rXeSw1kXsDz6gMlVMKlPFGyqfqJhUnlRMKm9UvKHyRsUTlW+q+JsOa13ksNZFDmtdxP7gAypTxROVNyomlW+qeENlqphUnlR8QmWqmFSmiicqb1RMKlPFJw5rXeSw1kUOa13kh1+mMlVMKk9UpopJZaqYVKaKSWWqeEPlEypTxaQyVUwqb6hMFU9UJpWp4psOa13ksNZFDmtd5IdfVjGpvFHxhsoTlW+qmFTeqJhUpopJ5UnFpDJVTCpvVPymw1oXOax1kcNaF/nhL6uYVJ6ovFExqUwVf1PFE5VvUnmi8qTiicpU8U2HtS5yWOsih7UuYn/wL6byiYpJ5RMVk8pU8URlqphUnlS8oTJVTCpPKr7psNZFDmtd5LDWRX74kMrfVDFVTCpTxROVNyr+TVSmim9SmSo+cVjrIoe1LnJY6yI/fFnFN6k8UXmi8omKJypTxVTxROWJylQxqTyp+KaKSeWbDmtd5LDWRQ5rXeSHX6byRsU3VUwqTyreqHiiMlVMFZPKVDGpPFH5popJ5Tcd1rrIYa2LHNa6yA//MRW/SeVJxVTxRGWqmFSeVEwqU8Wk8kRlqpgqftNhrYsc1rrIYa2L/PAfo/IJlaliqviEylQxqUwVk8pvqvgnHda6yGGtixzWusgPv6ziN1VMKn+TylQxqTxReaNiUpkqJpUnFZPKk4rfdFjrIoe1LnJY6yI/fJnK36TyiYpvUpkqJpUnFU9UpoonFZPKk4pJZVKZKr7psNZFDmtd5LDWRewP1rrEYa2LHNa6yGGtixzWushhrYsc1rrIYa2LHNa6yGGtixzWushhrYsc1rrIYa2LHNa6yGGti/wP020GY1N3jcwAAAAASUVORK5CYII='),
(92, 27, 7, 1, 'data:image/png;base64,iVBORw0KGgoAAAANSUhEUgAAAKQAAACkCAYAAAAZtYVBAAAAAklEQVR4AewaftIAAAYuSURBVO3BQY4Dx7IgQfcE739lHy1jMwUUyJbyfYSZ/YO1LnFY6yKHtS5yWOsih7UucljrIoe1LnJY6yKHtS5yWOsih7UucljrIoe1LnJY6yKHtS5yWOsiH76k8m+qmFTeqJhUnlRMKn+p4pdU/k0V3zisdZHDWhc5rHWRDz9W8Usqb1RMKpPKL1U8UXlD5UnFNyp+SeWXDmtd5LDWRQ5rXeTDH1N5o+KNiknljYo3Kp6oTBVPVN5QeVLxhsobFX/psNZFDmtd5LDWRT78j1OZKiaVb6hMFZPKVPFEZf3/Hda6yGGtixzWusiH/3EVk8pU8YbKGxVvVEwqU8UTlani/5LDWhc5rHWRw1oX+fDHKv5NFZPKk4qp4hsqU8Wk8kRlqpgqfqniJoe1LnJY6yKHtS7y4cdU/k0qU8WTikllqphUpopJZaqYVKaKSWWqmFSmikllqniicrPDWhc5rHWRw1oX+fCliptVvKHyRsWTijdUfqnif8lhrYsc1rrIYa2LfPiSylQxqTypmFTeqHiiMlVMFd9Q+UbFGypTxROVqeKJylQxqTyp+MZhrYsc1rrIYa2LfPhjFZPKpDJVvKHypGJSmSqeqLxRMam8ofINlTdUnqj8mw5rXeSw1kUOa13kwx9TeVLxRGWqeFIxqUwVv1QxqUwVT1Smiicqk8pUMalMKm9UTCp/6bDWRQ5rXeSw1kXsH/yLVKaKN1Smim+o/FLFpPKk4pdUfqliUpkqfumw1kUOa13ksNZFPnxJ5ZdU3lCZKp6oTBVvqEwVv6QyVTxR+UbFpPKkYlKZKr5xWOsih7UucljrIh/+WMU3Kr6h8obKVDFVTCpvVLyhMlU8qZhUnqg8UXlS8UuHtS5yWOsih7Uu8uHHKp6oPKmYVKaKJypTxROVJyo3q5hUpoonKlPFpDJV/KXDWhc5rHWRw1oXsX/wBZU3Kr6hMlU8UZkqfknllyqeqDypmFR+qeIvHda6yGGtixzWusiHL1W8oTJVPFGZKt6oeKLyjYpJ5RsqTyomlTcqJpWbHNa6yGGtixzWusiHL6lMFU8qJpWpYqp4ojJVfKNiUpkq3qiYVN6oeFIxqUwVk8pUMalMFZPKVPFLh7UucljrIoe1LvLhx1SmiknlDZWpYqqYVKaKSWWqmFT+UsUbKk8q3qiYVKaKSeWJylTxjcNaFzmsdZHDWhexf/AFlaliUnlS8YbKVPGGyhsVk8qTiicqU8WkMlVMKlPFE5UnFTc5rHWRw1oXOax1EfsHf0hlqphU3qh4Q+VJxaTypOINlTcq3lCZKiaVqeKJyhsVv3RY6yKHtS5yWOsiH76kMlU8UXlS8Q2VJxWTylTxRGWqmFSeVHxDZaqYVKaKJypvVEwqU8U3Dmtd5LDWRQ5rXeTDlyr+ksovqbyhMlVMKlPFN1R+SWWqmComlaliUvlLh7UucljrIoe1LvLhx1SmijdUpoq/pDKpTBVvqEwVk8pUMVVMKr+kMlV8o+KXDmtd5LDWRQ5rXeTDl1SmikllqphUnqhMFZPKVDGpPKl4Q2WqmFSeVEwqTyomlUnlGypTxX/psNZFDmtd5LDWRT58qeJJxZOKf1PFpPKkYqqYVH6p4knFpDJVvKEyqUwVT1Smim8c1rrIYa2LHNa6yIcvqfybKp6oTBVPKiaVSeWNiicqU8UTlW+oTBVPKp5UTCq/dFjrIoe1LnJY6yIffqzil1TeqHii8qRiUpkqJpU3KiaVNyomlScV31CZKv7SYa2LHNa6yGGti3z4YypvVLxRMalMFVPFpPKGylQxqUwVb1R8Q+UbKk9UpopfOqx1kcNaFzmsdZEP/+NUnqhMFU9Upoo3KiaVN1SmiknlScU3VP5Lh7UucljrIoe1LvJh/amKSWWqmFTeqJhUpopJ5UnFf+mw1kUOa13ksNZFPvyxir9U8UTlScWkMql8o+KNim9UPKn4JZWp4huHtS5yWOsih7UuYv/gCyr/popJZap4ovJGxaQyVUwqTyomlb9U8URlqvgvHda6yGGtixzWuoj9g7UucVjrIoe1LnJY6yKHtS5yWOsih7UucljrIoe1LnJY6yKHtS5yWOsih7UucljrIoe1LnJY6yL/D5hVBXCTLsTcAAAAAElFTkSuQmCC'),
(93, 27, 8, 1, 'data:image/png;base64,iVBORw0KGgoAAAANSUhEUgAAAKQAAACkCAYAAAAZtYVBAAAAAklEQVR4AewaftIAAAYkSURBVO3BQW4ky5LAQDKg+1+Zo6WvEkhUqSf+g5vZL9a6xGGtixzWushhrYsc1rrIYa2LHNa6yGGtixzWushhrYsc1rrIYa2LHNa6yGGtixzWushhrYv88CGVf6niDZWpYlJ5UjGp/KWKb1L5lyo+cVjrIoe1LnJY6yI/fFnFN6m8ofJGxaQyqUwVT1Smikllqnii8kbFk4pvUvmmw1oXOax1kcNaF/nhj6m8UfGGylQxqUwqb1RMKm+oPFGZKqaKSWWq+ITKGxV/6bDWRQ5rXeSw1kV++I9RmSomlScVk8pUMalMFU9Unqi8oTJV/C87rHWRw1oXOax1kR/+YyqeVEwqk8pUMalMFZPKk4onKlPFE5X/ksNaFzmsdZHDWhf54Y9V/EsqU8VfUvmEylQxqUwV31Rxk8NaFzmsdZHDWhf54ctU/j9VTCpTxZOKSWWqmFSmiknlJio3O6x1kcNaFzmsdZEfPlRxE5WpYlKZKiaVqWJSmSomlTcq/lLF/5LDWhc5rHWRw1oX+eFDKlPFpPJNFVPFpPKGyl+qeEPlm1S+qeIvHda6yGGtixzWuoj94h9SeVLxhspU8URlqnii8kbFpPKkYlJ5o2JSeVIxqXxTxScOa13ksNZFDmtdxH7xAZWp4hMqTyqeqHyi4ptUpoonKlPFX1KZKiaVJxXfdFjrIoe1LnJY6yL2iw+oPKl4ovKk4v+TylTxl1SeVEwqU8WkMlU8UXlS8ZcOa13ksNZFDmtd5Icvq5hUpoqp4onKGxWTyhsVU8WkMlU8UXlS8aTiScWk8kRlqnhS8URlqvjEYa2LHNa6yGGti9gvLqIyVUwqb1S8ofKJijdUpopJ5UnFJ1SmiicqTyo+cVjrIoe1LnJY6yL2iy9SmSomlaniicqTiicqU8UbKlPFE5WpYlKZKj6hMlU8UZkq3lCZKr7psNZFDmtd5LDWRewXH1B5o+ITKlPFE5UnFZ9Q+aaKJypPKiaVb6r4S4e1LnJY6yKHtS5iv/iAylTxCZVvqnhDZar4JpWp4onKk4o3VJ5UvKEyVXzisNZFDmtd5LDWRewXX6QyVUwqTyqeqDypmFSmiicqf6liUpkqJpWpYlKZKt5QeaPiLx3WushhrYsc1rrIDx9SmSo+ofKk4onKVDGpTBVvVDxRmSqeVLyhMlVMKlPFGxWTyqTypOITh7UucljrIoe1LmK/+IDKk4pvUnlS8QmVqeKJyjdVvKEyVXxC5UnFpDJVfOKw1kUOa13ksNZF7Bd/SGWqmFSmiknlScUTlScVk8onKt5QeaPiico3VfxLh7UucljrIoe1LmK/+IDKX6qYVKaKSeVJxRsqTyomlScVn1CZKiaVqeKJyhsVk8pU8YnDWhc5rHWRw1oXsV98QGWqeKLyiYo3VJ5UvKHyiYpJZaqYVKaKSeVJxaQyVTxReVLxTYe1LnJY6yKHtS7yw+Uq3lB5UjGpTBVvVEwqb1RMKlPFpPKkYlKZKiaVNyr+0mGtixzWushhrYv88I9VTCpPVKaKSWWqmFSeVPyliicq36TyROVJxROVqeKbDmtd5LDWRQ5rXeSHD1V8ouJfUpkqJpU3VKaKSWWqmComlU9UvKHyROVfOqx1kcNaFzmsdZEfPqTyL1VMFZPKVPFEZaqYVKaK/yUqU8U3qUwVnzisdZHDWhc5rHWRH76s4ptUnqhMFU9U3qh4ojJVTBVPVJ6oTBWTypOKb6qYVL7psNZFDmtd5LDWRX74YypvVHxCZar4SxVPVKaKqWJSmSomlScq31Qxqfylw1oXOax1kcNaF/nhP6biScUbKm9UTBVPVKaKSeVJxaQyVUwqT1SmiqniLx3WushhrYsc1rrID/8xKk8qnqhMFd+kMlVMKlPFpPKXKv4/Hda6yGGtixzWusgPf6ziL1VMKv+SylQxqTxReaNiUpkqJpUnFZPKk4q/dFjrIoe1LnJY6yI/fJnKv6TyTRWfUJkqJpUnFU9UpoonFZPKk4pJZVKZKr7psNZFDmtd5LDWRewXa13isNZFDmtd5LDWRQ5rXeSw1kUOa13ksNZFDmtd5LDWRQ5rXeSw1kUOa13ksNZFDmtd5LDWRf4PHbsPRdSFdoIAAAAASUVORK5CYII='),
(94, 27, 9, 1, 'data:image/png;base64,iVBORw0KGgoAAAANSUhEUgAAAKQAAACkCAYAAAAZtYVBAAAAAklEQVR4AewaftIAAAYZSURBVO3BQY4cwZEAQffE/P/LLh7jVECpe7hJbZjZH6x1icNaFzmsdZHDWhc5rHWRw1oXOax1kcNaFzmsdZHDWhc5rHWRw1oXOax1kcNaFzmsdZHDWhf54UMqf1PFpDJVTCpTxaQyVUwqU8Wk8kbFE5Wp4hMqf1PFJw5rXeSw1kUOa13khy+r+CaVJxWTyhsVTyomlaliUpkqnqg8UXmj4knFN6l802GtixzWushhrYv88MtU3qj4RMUnVKaKNyqeqDypmFSmiknlEypvVPymw1oXOax1kcNaF/nhH6fypOKJylQxqUwVT1Q+oTJVPKn4X3JY6yKHtS5yWOsiP/yPU/mXVLyhMlX8yw5rXeSw1kUOa13kh19W8TdVPFGZKj6h8omKSeVJxTdV3OSw1kUOa13ksNZFfvgylZuoTBWTylTxiYpJZaqYVKaKSeWbVG52WOsih7UucljrIvYH/zCVNyomlScVk8qTivXfO6x1kcNaFzmsdZEfPqQyVbyhMlVMKm9UPFF5UjGpTBVPVKaKSeVJxaQyVUwqv6niicpU8YnDWhc5rHWRw1oX+eHLVJ5UvFExqUwVk8pU8aRiUpkqnqhMFZPKVDGpvKEyVbyh8obKVDFVfNNhrYsc1rrIYa2L2B98QGWq+ITKk4onKk8qvknlScUbKp+o+ITKVDGpTBXfdFjrIoe1LnJY6yI/fKhiUpkqPlHxiYpJ5UnFpDJVvKEyVbxRMalMFU9UpopJZap4UvGbDmtd5LDWRQ5rXeSHy6lMFb9J5Y2KJypPVKaKJxVvVDypmFSmikllqvimw1oXOax1kcNaF/nhyyomlScVTyqeqEwVn6h4Q2WqmComlaliUnmjYlL5RMWTit90WOsih7UucljrIj98SOVJxaQyqTxRmSq+qeKJylTxhsobFZPKGxVPVJ6ovFHxTYe1LnJY6yKHtS7yw4cqJpVvqvimijcqnlQ8qZhUJpWp4knFGypPKm5yWOsih7UucljrIvYHH1D5RMWk8kbFGypTxROVJxWfUPlExaTypGJSmSqeqEwV33RY6yKHtS5yWOsi9gcfUJkqJpWpYlKZKj6h8qTim1Q+UTGpPKmYVG5S8YnDWhc5rHWRw1oX+eFDFZPKVDGpPFF5UvFGxROVqeITFZPKVPGk4psq3lCZKiaV33RY6yKHtS5yWOsiP3xI5Y2KSeVJxaTypOKJyjdVPKmYVJ5UTCpPKj6hMlU8qZhUvumw1kUOa13ksNZFfvhQxW9SmSqeqLxR8QmVqeKNijcqfpPKVDGp/KbDWhc5rHWRw1oXsT/4gMpUMalMFZPKVPFEZap4ovKJijdUvqliUpkqnqj8popvOqx1kcNaFzmsdZEfPlTxhspU8UTlicpUMVV8k8pUMVW8oTJVfEJlqphU3qiYVH7TYa2LHNa6yGGti9gf/EUqU8UbKm9UPFGZKp6oPKn4hMqTijdUpoqbHda6yGGtixzWuoj9wQdUnlRMKp+oeKLyRsWk8qTiicpUMalMFW+o/KaKN1Smik8c1rrIYa2LHNa6yA8fqnij4ptUvqniDZWpYlJ5ojJVfKLiDZUnKlPFbzqsdZHDWhc5rHWRHz6k8jdVPKl4ovJE5UnFE5Wp4g2VJxWTyhOVqeKJylQxqfymw1oXOax1kcNaF/nhyyq+SeVJxaQyVUwV31QxqUwqU8Wk8qRiUnmj4psqJpVvOqx1kcNaFzmsdZEffpnKGxVvqLyhMlW8oTJVTBWTyqTypOITKp+oeKPimw5rXeSw1kUOa13kh39cxaTyhsqTiicqU8VUMalMFZPKGxVPVKaKSWVSmSomlScVnzisdZHDWhc5rHWRH/6fqZhUvknlN1VMKk8qJpWpYlKZVKaK33RY6yKHtS5yWOsiP/yyipuofFPFpDJVTCqTyhsqU8UTlScqU8X/pcNaFzmsdZHDWhf54ctU/iaVqWJSmSqeqEwq31TxRGWqmFSeqDypeENlqphUpopPHNa6yGGtixzWuoj9wVqXOKx1kcNaFzmsdZHDWhc5rHWRw1oXOax1kcNaFzmsdZHDWhc5rHWRw1oXOax1kcNaFzmsdZH/AJ3JCj4ahE6HAAAAAElFTkSuQmCC'),
(95, 27, 10, 1, 'data:image/png;base64,iVBORw0KGgoAAAANSUhEUgAAAKQAAACkCAYAAAAZtYVBAAAAAklEQVR4AewaftIAAAYUSURBVO3BQQ4bOxbAQFLw/a/MyVIrAUa3M/rBq7I/GOMSizEushjjIosxLrIY4yKLMS6yGOMiizEushjjIosxLrIY4yKLMS6yGOMiizEushjjIosxLvLhIZW/qeIbKruKJ1ROKnYqT1Q8ofI3VTyxGOMiizEushjjIh9eVvEmlScqTlR2FScVb6rYqZyonFScVLxJ5U2LMS6yGOMiizEu8uHHVL5R8Q2VJypOVL5Rsav4pYonVL5R8UuLMS6yGOMiizEu8uEfV7FT2ansKnYVT6jsKt6ksqv4L1uMcZHFGBdZjHGRD/84lV3FicqbKk5Unqj4lyzGuMhijIssxrjIhx+r+Jsq3lTxDZWdyknFicquYqeyq/hGxU0WY1xkMcZFFmNc5MPLVG6isqvYqewqdiq7ip3KrmKnsqvYqewqfknlZosxLrIY4yKLMS7y4aGK/xKVXcVOZVfxDZUTlSdUvlHxX7IY4yKLMS6yGOMiHx5S2VXsVN5UsavYqZxU7FSeqNip7Cp2KicqJxU7lROVN1X80mKMiyzGuMhijIvYHzygclJxonJSsVP5l1ScqJxU7FROKnYqb6p4YjHGRRZjXGQxxkXsD35IZVdxovKNihOVN1WcqOwqnlDZVbxJZVexUzmpeNNijIssxrjIYoyL2B88oHJScaJyUvFLKicV31A5qXiTyq5ip7KrOFE5qfilxRgXWYxxkcUYF/nwUMVO5U0qu4pfqtipfKPiROWJihOVE5VdxUnFicqu4onFGBdZjHGRxRgX+fCQyjdUTipOVL5RsVPZVexUdhU7lV3Ficqu4gmVXcUTKruKE5VfWoxxkcUYF1mMcZEPD1XsVN6kclJxovKNip3KicpJxYnKruKkYqeyqzhR2VU8UfGmxRgXWYxxkcUYF7E/eEDlpOIbKruKncqu4kTlGxUnKruKncpJxRMqJxU7lTdV/NJijIssxrjIYoyLfHioYqdyorKrOFHZVZyoPKGyq/hGxZtUTipOKnYqJxXfUNlVPLEY4yKLMS6yGOMi9gcvUtlVvEnliYoTlScqdiq7ip3KNyp2KruKb6h8o+KXFmNcZDHGRRZjXOTDyyp2Kn9TxU5lp3JSsVPZVbypYqeyq9ip7Cp2KruKb1TsVHYqJxVPLMa4yGKMiyzGuIj9wYtUdhU7lW9U7FR2FTuVk4oTlV3Ficqu4kTliYqdyq7iCZWTip3KruKJxRgXWYxxkcUYF7E/eJHKruIJlZOKE5VvVJyo7CpOVHYVJyq7im+ovKnib1qMcZHFGBdZjHER+4MHVHYVO5VdxZtUTiq+ofKmihOVXcVO5aRip7KrOFH5RsVOZVfxxGKMiyzGuMhijIt8+LGKncqbKk5UdhU7lV3FTmVXcaKyUzmp+EbFTuUbKruKE5Wdyq7iTYsxLrIY4yKLMS7y4f+sYqeyq/iGyq5ip3Kisqs4UXlC5aRip3JSsVPZVexUvlHxS4sxLrIY4yKLMS7y4cdUTlR2FTuVXcUTFd9Q2VXsKnYqu4qdyi+pnKicVJyo7CretBjjIosxLrIY4yIfHqo4qXii4kTlGyq7ip3Kico3VHYVv1TxDZUTlb9pMcZFFmNcZDHGRT48pPI3VewqdionFScVT6jsKp5QeUJlV/EmlV3FE4sxLrIY4yKLMS7y4WUVb1I5UXlCZVfxDZUTlV3FTmVXsas4UTmpeFPFTuVNizEushjjIosxLvLhx1S+UfEmlZOKncpJxUnFEypPqLypYqfyS4sxLrIY4yKLMS7y4R9X8UTFTmVXcaKyq9hVfENlV7FT2VXsVE5UdhW7il9ajHGRxRgXWYxxkQ//OJVdxU7lCZVdxa7iROWk4m+q+H9ajHGRxRgXWYxxkQ8/VvFLFd9Q2VXsVL5RcaKyq9hV7FROKnYqu4qdyknFTuWk4pcWY1xkMcZFFmNc5MPLVP4mlV3FExU7lROVk4oTlV3Ficqu4qRip3JSsVPZqewq3rQY4yKLMS6yGOMi9gdjXGIxxkUWY1xkMcZFFmNcZDHGRRZjXGQxxkUWY1xkMcZFFmNcZDHGRRZjXGQxxkUWY1xkMcZF/ge0S/NSRFQTdAAAAABJRU5ErkJggg=='),
(96, 27, 11, 1, 'data:image/png;base64,iVBORw0KGgoAAAANSUhEUgAAAKQAAACkCAYAAAAZtYVBAAAAAklEQVR4AewaftIAAAYdSURBVO3BQY4ru5bAQFLw/rfMvkONBCTSrtZ/OBH2D2NcYjHGRRZjXGQxxkUWY1xkMcZFFmNcZDHGRRZjXGQxxkUWY1xkMcZFFmNcZDHGRRZjXGQxxkU+vKTylypOVE4q3lA5qdipvFHxhspfqnhjMcZFFmNcZDHGRT58WcU3qbxRcaKyqzip+KaKJ1ROKk4qvknlmxZjXGQxxkUWY1zkw4+pPFHxhMqJyknFicoTFbuKJ1R2FScVb6g8UfFLizEushjjIosxLvLhP6Zip/JGxRsqu4pvUtlV/C9bjHGRxRgXWYxxkQ//MSq7iidUvqniROWNiv+SxRgXWYxxkcUYF/nwYxV/qeKbKp5Q2amcVJyo7Cp2KruKJypushjjIosxLrIY4yIfvkzlJiq7ip3KrmKnsqvYqewqdiq7ip3KruKXVG62GOMiizEushjjIh9eqvgvUdlVPKFyovKGyhMV/0sWY1xkMcZFFmNc5MNLKruKnco3Vewqdip/qWKnsqvYqZyonFTsVE5UvqnilxZjXGQxxkUWY1zE/uEFlZOKE5WTip3KScVO5WYVJyonFTuVk4qdyjdVvLEY4yKLMS6yGOMi9g8/pLKrOFF5omKnsqvYqbxRcaKyq3hDZVfxTSq7ip3KScU3Lca4yGKMiyzGuIj9wwsqJxUnKruKN1ROKnYqJxVPqJxUfJPKrmKnsqs4UTmp+KXFGBdZjHGRxRgX+fBSxTepnFTsVN6oOFF5ouJE5Y2KE5UTlV3FScWJyq7ijcUYF1mMcZHFGBf58JLKScVO5aTiROWJihOVk4qdyq7iRGVX8YbKruINlV3FicovLca4yGKMiyzGuIj9wxep7CpOVHYVO5VdxU5lV7FT2VU8ofJGxYnKruIJlV3Ficqu4gmVXcU3Lca4yGKMiyzGuIj9wwsqb1TsVHYVO5VdxYnKruINlV3FTuWk4g2Vk4qdyjdV/NJijIssxrjIYoyLfHipYqeyq9ipPKHyhMqJyhMVT1R8k8pJxUnFTuWk4gmVXcUbizEushjjIosxLmL/8ILKScU3qZxU7FR2FScqb1TsVHYVO5UnKnYqu4onVJ6o+KXFGBdZjHGRxRgX+fBjKicVO5U3VHYVO5UnKn6pYqeyq9ip7Cp2KruKJyp2KjuVk4o3FmNcZDHGRRZjXOTDl1WcqJxUnKjsKnYqJxVPqOwqdiq7il3FTuUJlV3FTmVX8UTFTuWkYqfyTYsxLrIY4yKLMS5i//CHVHYVO5U3Kk5UdhU7lV3FTmVXcaKyqzhR2VU8ofJNFX9pMcZFFmNcZDHGRewfXlA5qdip7CqeUHmiYqfylypOVHYVO5WTip3KruJE5YmKncqu4o3FGBdZjHGRxRgX+fBlFScVO5UnKp5Q2VU8obKrOFHZqZxUPFGxU3lCZVdxorJT2VV802KMiyzGuMhijIt8+DGVXcWuYqeyq9ip7Cp2KruKE5WTihOVN1ROKnYqJxU7lV3FTuWJil9ajHGRxRgXWYxxkQ8/VrFTOanYqXyTyq7iRGVXsavYqewqdiq/pHKiclJxorKr+KbFGBdZjHGRxRgX+fBSxRMVT1ScqHyTyonKEyq7il+qeELlROUvLca4yGKMiyzGuMiHl1T+UsWu4kRlV/FExRMqu4o3VN5Q2VV8k8qu4o3FGBdZjHGRxRgX+fBlFd+kcqKyq3hC5URlV7FTOVHZVexUdhW7ihOVk4pvqtipfNNijIssxrjIYoyLfPgxlScq3lA5UTmpeKPiDZU3VL6pYqfyS4sxLrIY4yKLMS7y4T+u4gmVJypOVHYVu4onVHYVO5VdxU7lRGVXsav4pcUYF1mMcZHFGBf58B+n8kbFTmWnsqvYVZyonFT8pYr/T4sxLrIY4yKLMS7y4ccqfqniDZU3Kk5UdhW7ip3KScVOZVexUzmp2KmcVPzSYoyLLMa4yGKMi9g/vKDylyp2KruKE5VdxYnKGxUnKruKE5VdxRMqu4oTlZOKb1qMcZHFGBdZjHER+4cxLrEY4yKLMS6yGOMiizEushjjIosxLrIY4yKLMS6yGOMiizEushjjIosxLrIY4yKLMS6yGOMi/wcuff1LVZWEqgAAAABJRU5ErkJggg=='),
(97, 27, 12, 1, 'data:image/png;base64,iVBORw0KGgoAAAANSUhEUgAAAKQAAACkCAYAAAAZtYVBAAAAAklEQVR4AewaftIAAAYPSURBVO3BQQ4bOxbAQFLw/a/MyVIrAY22M/rBq7I/GOMSizEushjjIosxLrIY4yKLMS6yGOMiizEushjjIosxLrIY4yKLMS6yGOMiizEushjjIosxLvLhJZW/qeIJlV3FGyonFTuVNyreUPmbKt5YjHGRxRgXWYxxkQ9fVvFNKr+ksqs4qfimip3KTuWJipOKb1L5psUYF1mMcZHFGBf58GMqT1Q8oXJSsVPZVZyoPFGxq3ijYqeyq3hD5YmKX1qMcZHFGBdZjHGRD/+YiidUdhW7ijdUdhXfpLKr+C9bjHGRxRgXWYxxkQ//GJVdxUnFTuWbKk5U3qj4lyzGuMhijIssxrjIhx+r+JsqTiqeqHhCZadyUnGisqvYqewqnqi4yWKMiyzGuMhijIt8+DKVm6jsKnYqu4qdyq5ip7Kr2KnsKnYqu4pfUrnZYoyLLMa4yGKMi3x4qeK/ROVEZVfxhMqJyhsqT1T8lyzGuMhijIssxrjIh5dUdhU7lW+q2FXsVP6mip3KrmKncqJyUrFTOVH5popfWoxxkcUYF1mMcRH7gxdUTipOVE4qdionFTuVm1WcqJxU7FROKnYq31TxxmKMiyzGuMhijIt8eKniRGVX8YTKScVOZVexU3mj4kRlV/FNFScVb1TsVE4qvmkxxkUWY1xkMcZF7A++SGVXcaJyUvFLKicVT6icVHyTyq5ip7KrOFE5qfilxRgXWYxxkcUYF/lwOZVdxU5lV/FGxU7liYoTlTcqTlROVHYVJxUnKruKNxZjXGQxxkUWY1zkw0sqT6icVDxRsVM5qThR2VXsVHYVJyq7ijdUdhVvqOwqTlR+aTHGRRZjXGQxxkU+vFSxU/kmlV3FScVO5YmKncqJyknFicqu4qRip7KrOFHZVbxR8U2LMS6yGOMiizEuYn/wgsobFTuVXcUbKicVT6jsKnYqJxVvqJxU7FS+qeKXFmNcZDHGRRZjXOTDSxU7lW9S2VWcqJxU7FROKp6o+CaVk4qTip3KScUTKruKNxZjXGQxxkUWY1zE/uAFlZOKb1I5qdip7CqeUHmiYqeyq9ipPFGxU9lVPKHyRMUvLca4yGKMiyzGuMiHH1M5qThReUJlV7FTeaLilyp2KruKncquYqeyq3iiYqeyUzmpeGMxxkUWY1xkMcZF7A++SGVXsVPZVTyhsqvYqewqnlA5qdip7CpOVN6o2KnsKt5QOanYqewq3liMcZHFGBdZjHER+4MXVHYVJyq7ihOVJypOVHYVJyonFScqu4oTlV3FEyrfVPE3Lca4yGKMiyzGuIj9wQsqJxXfpPJNFTuVb6o4UdlV7FROKnYqu4oTlScqdiq7ijcWY1xkMcZFFmNc5MOXVTyh8kTFEyq7ipOKncqu4kRlp3JS8UTFTuUJlV3FicpOZVfxTYsxLrIY4yKLMS7y4cdUdhW7ip3KruJE5aTiCZVdxYnKGyonFTuVk4qdyq5ip/JExS8txrjIYoyLLMa4yIcfq9ipnFTsVHYVu4qdyhsVO5Vdxa5ip7Kr2Kn8ksqJyknFicqu4psWY1xkMcZFFmNcxP7gP0xlV3GisqvYqfxSxRsqJxVPqOwqdionFd+0GOMiizEushjjIh9eUvmbKnYVJyq7ijcqTlR2FW+ovKGyq/gmlV3FG4sxLrIY4yKLMS7y4csqvknlROUNlTdUTlR2FTuVXcWu4kTlpOKbKnYq37QY4yKLMS6yGOMiH35M5YmKX1LZVXxTxRsqb6h8U8VO5ZcWY1xkMcZFFmNc5MM/rmKncqKyq9ip7CpOVHYVu4onVHYVO5VdxU7lRGVXsav4pcUYF1mMcZHFGBf58I9T2VV8k8quYldxonJS8TdV/D8txrjIYoyLLMa4yIcfq/iliidUvqniRGVXsavYqZxU7FR2FTuVk4qdyknFLy3GuMhijIssxriI/cELKn9TxU5lV/FNKm9UnKjsKk5UdhVPqOwqTlROKr5pMcZFFmNcZDHGRewPxrjEYoyLLMa4yGKMiyzGuMhijIssxrjIYoyLLMa4yGKMiyzGuMhijIssxrjIYoyLLMa4yGKMi/wPdNQDOe1xaIAAAAAASUVORK5CYII='),
(98, 27, 13, 1, 'data:image/png;base64,iVBORw0KGgoAAAANSUhEUgAAAKQAAACkCAYAAAAZtYVBAAAAAklEQVR4AewaftIAAAYoSURBVO3BQY4kNhLAQFLo/3+Z62OeBBSqZywvMsL+wVqPOKz1kMNaDzms9ZDDWg85rPWQw1oPOaz1kMNaDzms9ZDDWg85rPWQw1oPOaz1kMNaDzms9ZAfvqTyN1VMKp+o+IbKTcWk8o2Kb6j8TRXfOKz1kMNaDzms9ZAfflnFb1L5RMWkMqlMFTcqNxWTylQxqXxCZar4RsVvUvlNh7UecljrIYe1HvLDH6byiYpPVHxD5RMVNxWTyk3FjcqkclPxCZVPVPxJh7UecljrIYe1HvLDf5zKNyr+pooblaliUvl/dljrIYe1HnJY6yE//MdV3KhMFZPKTcWNylTxjYqbiknl/8lhrYcc1nrIYa2H/PCHVfxNKt+ouFG5UZkqPqEyVdxUfKPiJYe1HnJY6yGHtR7ywy9T+ZtUpopJ5RsqU8WkMlVMKlPFpDJVTCpTxaQyVdyovOyw1kMOaz3ksNZD7B/8h6m8pOJGZaqYVG4q/p8d1nrIYa2HHNZ6yA9fUpkqJpWbiknlExWfUJkqPqFyo3JTMalMFb9JZaq4UZkqJpWbim8c1nrIYa2HHNZ6iP2DL6jcVNyo3FRMKv9PKm5UbiomlZuKSeU3VXzjsNZDDms95LDWQ374ZRU3KjcVk8pvqrhRmSomlaniRmWqmFS+oTJVTCqTyicqJpU/6bDWQw5rPeSw1kN++JdV3FRMKlPFb6r4hMpNxaQyVUwqNxU3Kn9TxW86rPWQw1oPOaz1kB++VPGJiknlExU3KjcVn1D5RMUnVL6h8o2KSeWmYlKZKr5xWOshh7UecljrIT/8MpWbik9U3KhMFZPKjconKm5UpoqpYlK5qfhExaRyo3KjclPxmw5rPeSw1kMOaz3khy+pTBU3KlPFjcpUcaMyVUwqU8Wk8ptUvqEyVUwVk8pUcaMyVUwqU8WfdFjrIYe1HnJY6yE//DKVqWKquFGZKm4qblSmikllqrhRmSo+UfENlZuKSeUTKv+mw1oPOaz1kMNaD/nhMRWTyicqblSmiknlpuI3qXyiYlL5RMWk8pLDWg85rPWQw1oP+eGXVdyo3FRMFTcqNxU3Kr+p4kblpuITFZPKVDGpTBWTylQxqUwVv+mw1kMOaz3ksNZDfvhSxY3KN1S+ofKJiknlGypTxY3KVDGpTBWfqJhUpopJ5UZlqvjGYa2HHNZ6yGGth/zwl1VMKjcVk8q/SeUbKlPFVDGpfKJiUrmpuKn4mw5rPeSw1kMOaz3khz+sYlK5UbmpuFGZKiaVqeITFZPKVHGj8o2KSWWquKm4UflExW86rPWQw1oPOaz1EPsHX1CZKiaVm4pvqHyiYlL5kypuVKaKSeWmYlKZKm5UPlExqUwV3zis9ZDDWg85rPWQH75U8YmKSWWqmFR+k8pU8QmVqeITKjcqv0llqpgqJpWpYlL5kw5rPeSw1kMOaz3kh1+mMlV8QmWquFGZKiaVG5Wp4hsqU8VUMalMFZPKb1KZKr5R8ZsOaz3ksNZDDms95IcvqUwVk8onKiaVm4pJZaqYVKaKG5Wp4hsqNypTxaQyqXxDZar4Nx3WeshhrYcc1nqI/YP/MJWbihuVm4oblaniEyo3FTcqU8UnVG4qJpWbim8c1nrIYa2HHNZ6yA9fUvmbKm4qJpWp4hMqn1D5RMWkcqPyCZWp4qbipmJS+U2HtR5yWOshh7Ue8sMvq/hNKt+o+ETFJ1Q+UTGpTBU3FZPKTcU3VKaKP+mw1kMOaz3ksNZDfvjDVD5R8YmKG5WpYqqYVKaKSeU3VdyoTBU3Kt9QuVGZKn7TYa2HHNZ6yGGth/zwH6cyVdyo3FRMKlPFpDJV3KhMFZPKjcpNxTdU/k2HtR5yWOshh7Ue8sP/GZVPVEwqU8Wk8o2KSeWmYlKZKiaVqWJSuan4Nx3WeshhrYcc1nrID39YxZ9UMalMFZPKpHKjMlXcqEwVn6j4RsVNxW9SmSq+cVjrIYe1HnJY6yH2D76g8jdVTCqfqJhUPlFxo/KSihuVqeLfdFjrIYe1HnJY6yH2D9Z6xGGthxzWeshhrYcc1nrIYa2HHNZ6yGGthxzWeshhrYcc1nrIYa2HHNZ6yGGthxzWeshhrYf8DyCx+W1/dKksAAAAAElFTkSuQmCC'),
(99, 27, 14, 1, 'data:image/png;base64,iVBORw0KGgoAAAANSUhEUgAAAKQAAACkCAYAAAAZtYVBAAAAAklEQVR4AewaftIAAAYuSURBVO3BQQ4kNxLAQFLo/3+ZO0edBBSqeyx7M8L+YIxLLMa4yGKMiyzGuMhijIssxrjIYoyLLMa4yGKMiyzGuMhijIssxrjIYoyLLMa4yGKMiyzGuMiHl1T+pooTlZOKN1ROKnYqT1R8k8rfVPHGYoyLLMa4yGKMi3z4sopvUnmj4kRlV3FS8U0VO5VdxU7lpOKk4ptUvmkxxkUWY1xkMcZFPvyYyhMVT6icqJxUnKg8UbGr+KWKN1SeqPilxRgXWYxxkcUYF/nwH1OxU3mj4g2VXcU3qewq/s0WY1xkMcZFFmNc5MN/jMpJxYnKN1WcqLxR8V+yGOMiizEushjjIh9+rOJvqjhReaLiCZWdyknFicquYqeyq3ii4iaLMS6yGOMiizEu8uHLVG6isqvYqewqdiq7ip3KrmKnsqvYqewqfknlZosxLrIY4yKLMS7y4aWKfxOVXcVOZVfxhMqJyhsqT1T8myzGuMhijIssxriI/cELKruKnco3VZyofFPFEyq7ip3KGxU7lV3FTuWbKn5pMcZFFmNcZDHGRewPXlA5qThROanYqZxU7FRuVnGiclKxUzmp2Kl8U8UbizEushjjIosxLmJ/8EMqu4onVE4qnlB5o+JEZVfxhsqu4ptUdhU7lZOKb1qMcZHFGBdZjHER+4MXVHYVT6icVDyhclKxUzmpeELlpOKbVHYVO5VdxYnKScUvLca4yGKMiyzGuMiHlyp2KruKncoTKruKb6o4UXmi4kTljYoTlROVXcVJxYnKruKNxRgXWYxxkcUYF/nwksoTFTuVXcUvqewqdiq7ip3KruJEZVfxhsqu4g2VXcWJyi8txrjIYoyLLMa4yIeXKnYqO5VdxRMqu4qdyq5ip/JExU7lROWk4kRlV3FSsVPZVZyo7CreqPimxRgXWYxxkcUYF/nwkspJxU5lV7FT2VXsVN6o2KnsKnYVO5VdxU5lp7Kr2FU8ofKEyonKExW/tBjjIosxLrIY4yIfXqrYqexU3lDZVZyovKGyq3ii4ptUTipOKnYqJxVPqOwq3liMcZHFGBdZjHER+4MXVE4qTlR2FScqJxU7lV3FEypPVOxUdhU7lScqdiq7iidUnqj4pcUYF1mMcZHFGBexP/gilScqTlTeqNipPFHxhsqu4kRlV7FT2VXsVHYVJyq7ip3KExVvLMa4yGKMiyzGuIj9wV+kclJxorKr2KnsKp5QOanYqewqTlTeqNip7CreUDmp2KnsKt5YjHGRxRgXWYxxkQ8vqZxUnFScqHyTyknFTmWnsqs4UdlVnKjsKk4qdirfVHFS8U2LMS6yGOMiizEu8uEvq3iiYqfyhMoTKruKncpO5aTiRGVXsVM5qTipOFE5UdlV7FR2FW8sxrjIYoyLLMa4yIcvq9ip7Cp2Km+o7Cp2KruKncquYqeyqzhR2amcVDxRsVN5QmVXcaKyU9lVfNNijIssxrjIYoyLfPiHVexUdhVPqOwqTip2KruKE5U3VE4qdionFTuVXcVO5YmKX1qMcZHFGBdZjHGRDz9WsVM5qdipnFQ8obKr2FXsVHYVu4qdyq5ip/JLKicqJxUnKruKb1qMcZHFGBdZjHGRDy9VPFHxRMWJyq7il1SeUNlV/FLFEyonKn/TYoyLLMa4yGKMi3x4SeVvqthVnKjsKk5UTipOVHYVb6i8obKr+CaVXcUbizEushjjIosxLvLhyyq+SeVEZVfxhMobKicqu4qdyq5iV3GiclLxTRU7lW9ajHGRxRgXWYxxkQ8/pvJExRsqu4qdyhMVT1S8ofKGyjdV7FR+aTHGRRZjXGQxxkU+/Mep7CpOVE5UdhUnKruKXcUTKruKncquYqdyorKr2FX80mKMiyzGuMhijIt8+D+jsqt4Q2VXsas4UTmp+Jsq/kmLMS6yGOMiizEu8uHHKn6p4p9UcaKyq9hV7FROKnYqu4qdyknFTuWk4pcWY1xkMcZFFmNcxP7gBZW/qWKnsqv4JpU3Kk5UdhUnKruKJ1R2FScqJxXftBjjIosxLrIY4yL2B2NcYjHGRRZjXGQxxkUWY1xkMcZFFmNcZDHGRRZjXGQxxkUWY1xkMcZFFmNcZDHGRRZjXGQxxkX+B9KaC1sFqrWvAAAAAElFTkSuQmCC'),
(100, 27, 15, 1, 'data:image/png;base64,iVBORw0KGgoAAAANSUhEUgAAAKQAAACkCAYAAAAZtYVBAAAAAklEQVR4AewaftIAAAYnSURBVO3BQY4kRxLAQDLQ//8yd45+SiBR1aOQ1s3sD9a6xGGtixzWushhrYsc1rrIYa2LHNa6yGGtixzWushhrYsc1rrIYa2LHNa6yGGtixzWushhrYv88CGVv6liUnmj4onKk4pJZaqYVKaKJypTxSdU/qaKTxzWushhrYsc1rrID19W8U0qTyomlaniicobKlPFJ1TeUHlS8aTim1S+6bDWRQ5rXeSw1kV++GUqb1T8kyomlTdU3qiYVCaVqWJS+YTKGxW/6bDWRQ5rXeSw1kV++JdTeaIyVUwVTyqeqDyp+E0V/yWHtS5yWOsih7Uu8sN/TMXNVKaKqeKJylTxX3JY6yKHtS5yWOsiP/yyir9JZaqYVJ5UTCpPKiaVSWWqmFTeqJhUpoo3Km5yWOsih7UucljrIj98mco/qWJSmSomlTcqJpWpYlJ5o2JS+SaVmx3WushhrYsc1rqI/cG/mMpU8URlqphUpopvUnlS8f/ssNZFDmtd5LDWRX74kMpU8YbKVDGpfELlicpUMak8qZhUpoqp4g2VqWJS+U0VT1Smik8c1rrIYa2LHNa6iP3BB1SmiknlExWfUHmj4g2VNyomlU9UvKHyiYrfdFjrIoe1LnJY6yI//GUVk8oTlScVk8pU8YbKk4onFZPKk4o3VCaVqeJJxROVqWJSmSq+6bDWRQ5rXeSw1kXsDy6iMlV8QuVJxaQyVTxRmSq+SeVJxROVqWJSmSr+SYe1LnJY6yKHtS7yw5epPKmYVJ6oPKmYVKaKJyr/JhWTylQxVTypmFSmikllqvimw1oXOax1kcNaF7E/+IDKVDGpvFHxROVJxaQyVUwqU8WkMlW8ofKJikllqphUPlHxTzqsdZHDWhc5rHWRH75M5Y2KSeWNiicVk8onVKaKNyomlaliUnmj4onKE5U3Kr7psNZFDmtd5LDWRewPvkjlScWkMlU8UXlS8YbKVPFE5UnFN6lMFW+oPKm4yWGtixzWushhrYv88GUVb1RMKk8qJpUnKlPFGypTxSdUPqEyVUwqTyomlaniicpU8U2HtS5yWOsih7UuYn/wi1TeqPgmlaniicpU8URlqphUnlQ8UZkqJpWbVHzisNZFDmtd5LDWRX74h1VMKp+omCreqJhUpoonKlPFGyrfVPGGylQxqfymw1oXOax1kcNaF7E/+CKVqWJSeVLxRGWqmFSmiknlScUnVL6pYlKZKj6hMlW8oTJVfOKw1kUOa13ksNZF7A8+oPKJiknlScUbKk8qfpPKGxV/k8qTiknlScUnDmtd5LDWRQ5rXeSHX1bxRsUTlScVTyreUJkqJpUnFZPKVDGpvFHxROUTKk8qvumw1kUOa13ksNZFfvhQxROVJxVPVKaKSeVJxaTypOITFZ+oeKLyRGWqmFTeqJhUftNhrYsc1rrIYa2L2B/8RSpPKp6oTBWTypOKSeVJxTepfKLiDZWp4maHtS5yWOsih7UuYn/wAZUnFU9UpopJ5Y2KT6hMFZPKVDGpTBXfpPKbKt5QmSo+cVjrIoe1LnJY6yI/fKjiExVPKp6oTCpTxaQyVbxRMak8UflExRsVb6g8UZkqftNhrYsc1rrIYa2L/PAhlb+p4g2VJypTxaQyVTypmFSmik9UTCpPVKaKJypTxaTymw5rXeSw1kUOa13khy+r+CaVJxWTyhsVTyqeVDypeKIyVUwqn6j4popJ5ZsOa13ksNZFDmtd5IdfpvJGxRsqU8UTlScqU8Wk8qTiicpU8U0qn6h4o+KbDmtd5LDWRQ5rXeSHf7mKJypTxZOKJxVvqDxReVIxqUwVT1SmikllUpkqJpUnFZ84rHWRw1oXOax1kR/+Y1SmiknljYpJZaqYVJ5UTCpPVKaKSeVJxaQyVUwqk8pU8ZsOa13ksNZFDmtd5IdfVvE3VUwqU8UTlTdUnlQ8qZhUnqhMFU9UnqhMFf+kw1oXOax1kcNaF/nhy1T+JpUnFd9UMam8oTJVPKmYVJ6oPKl4Q2WqmFSmik8c1rrIYa2LHNa6iP3BWpc4rHWRw1oXOax1kcNaFzmsdZHDWhc5rHWRw1oXOax1kcNaFzmsdZHDWhc5rHWRw1oXOax1kf8BshENTfWnCi0AAAAASUVORK5CYII='),
(101, 27, 16, 1, 'data:image/png;base64,iVBORw0KGgoAAAANSUhEUgAAAKQAAACkCAYAAAAZtYVBAAAAAklEQVR4AewaftIAAAYNSURBVO3BQW4ENxIAwUxi/v/lXB15ItDokUx7K8J+MMYlFmNcZDHGRRZjXGQxxkUWY1xkMcZFFmNcZDHGRRZjXGQxxkUWY1xkMcZFFmNcZDHGRRZjXOTDSyp/qWKnsqvYqewqTlROKnYqu4qdyq7iRGVX8YbKX6p4YzHGRRZjXGQxxkU+fFnFN6mcVLyh8oTKruINlV3FTuWJipOKb1L5psUYF1mMcZHFGBf58MtUnqh4Q+WNip3KEypPVOxUTip2Km+oPFHxmxZjXGQxxkUWY1zkw7+cyknFGxUnKicVv6niv2QxxkUWY1xkMcZFPvzHVJyo7Cr+ksquYldxorKr+C9ZjHGRxRgXWYxxkQ+/rOIvqewqTlR2FTuVk4qdyk5lV7FTeaJip7KreKLiJosxLrIY4yKLMS7y4ctU/kkVO5VdxU7liYqdyq5ip/JExU7lm1RuthjjIosxLrIY4yL2g38xlV3FGyq7im9SOan4f7YY4yKLMS6yGOMiH15S2VU8obKr2Km8obKr2KnsKnYqJxU7lV3FruIJlV3FTuU3VZyo7CreWIxxkcUYF1mMcRH7wQsqu4qdyhsVb6g8UfGEyhMVO5U3Kp5QeaPiNy3GuMhijIssxrjIhz9WcaKyUzmp2KnsKp5QOak4qdipnFQ8obJT2VWcVJyo7Cp2KruKb1qMcZHFGBdZjHGRD7+s4omK36SyqzipeKPiDZWTihOVXcVOZVdxUvGbFmNcZDHGRRZjXOTDSxUnKruKncobFbuKncqu4t+sYqeyq9hVnFTsVHYVO5VdxTctxrjIYoyLLMa4iP3gBZVdxU7liYq/pLKr2KnsKp5QeaNip7Kr2Km8UfFPWoxxkcUYF1mMcZEPX6ZyUnGi8kbFicqu4gmVXcUTFTuVXcVO5YmKE5UTlScqvmkxxkUWY1xkMcZF7AdfpHJSsVPZVTyhsqs4UTmpOFE5qfgmlV3FEyonFTdZjHGRxRgXWYxxkQ9fVrFTOanYqXyTyhsqu4o3VN5Q2VXsVE4qdiq7ihOVXcU3Lca4yGKMiyzGuIj94BepPFHxTSq7im9S2VXsVE4qTlR2FTuVm1S8sRjjIosxLrIY4yIf/mEVJypPVOwq3lDZVZyo7CqeUPmmiidUdhU7ld+0GOMiizEushjjIvaDF1R2FScqJxUnKruKncquYqfyRMUTKt9UsVPZVbyhsqt4QmVX8cZijIssxrjIYoyL2A++SOWJihOVXcUTKicVO5WTiidUnqj4SyonFTuVk4o3FmNcZDHGRRZjXOTDSyonFTuVJyp2KicVu4oTlV3FTuVE5aRip7Kr2Kk8UXGi8obKScU3Lca4yGKMiyzGuMiHlypOVN5Q2VXsVJ5Q+U0Vb1ScqJyo7Cp2Kk9U7FR+02KMiyzGuMhijIvYD/6QyknFEypPVJyo7Cq+SeWNiidUdhU3W4xxkcUYF1mMcZEPL6mcVOwqdionKruKk4oTlV3FEyq7ip3KrmJX8YbKGyonFU+o7CreWIxxkcUYF1mMcZEPL1W8UXFScZOKncqJyhsVT1Q8oXKisqv4TYsxLrIY4yKLMS7y4SWVv1RxovKEyq7ijYqdyq7ijYqdyonKruJEZVexU/lNizEushjjIosxLvLhyyq+SeWk4kTlpOKNipOKE5VdxU7ljYpvqtipfNNijIssxrjIYoyLfPhlKk9UPKGyq9hV7FR2KicVO5WTihOVXcU3qbxR8UTFNy3GuMhijIssxrjIh3+5ihOVk4oTlV3FEyonKicVO5VdxYnKrmKnslPZVexUTireWIxxkcUYF1mMcZEP/zEqu4onVHYVO5VdxU7lpGKncqKyq9ipnFTsVHYVO5Wdyq7iNy3GuMhijIssxrjIh19W8ZcqdionFW+onFScVOxUTlR2FScqJyq7in/SYoyLLMa4yGKMi3z4MpW/pHJSsVN5o2Kn8oTKruKkYqdyonJS8YTKrmKnsqt4YzHGRRZjXGQxxkXsB2NcYjHGRRZjXGQxxkUWY1xkMcZFFmNcZDHGRRZjXGQxxkUWY1xkMcZFFmNcZDHGRRZjXGQxxkX+B91x80aZ3azgAAAAAElFTkSuQmCC');
INSERT INTO `table_cafe` (`id`, `cafe_id`, `nomor_meja`, `status`, `qr_code`) VALUES
(102, 27, 17, 1, 'data:image/png;base64,iVBORw0KGgoAAAANSUhEUgAAAKQAAACkCAYAAAAZtYVBAAAAAklEQVR4AewaftIAAAYuSURBVO3BQY4kRxLAQDLQ//8yd45+SiBR1aOQ1s3sD9a6xGGtixzWushhrYsc1rrIYa2LHNa6yGGtixzWushhrYsc1rrIYa2LHNa6yGGtixzWushhrYv88CGVv6niDZWp4hMqTyomlTcqvknlb6r4xGGtixzWushhrYv88GUV36Tym1SmiicV31TxROWNiicV36TyTYe1LnJY6yKHtS7ywy9TeaPiDZUnFZPKVPFE5Y2KqeINlaliUpkqPqHyRsVvOqx1kcNaFzmsdZEf/mMq3lCZKqaKT6hMFd+kMlX8mx3WushhrYsc1rrID/8xKm9UTCrfVPFE5RMV/yWHtS5yWOsih7Uu8sMvq/ibKp6oTCpPKt5QmVSeVDxRmSomlanijYqbHNa6yGGtixzWusgPX6ZyE5WpYlKZKiaVqWJSmSomlaliUpkqfpPKzQ5rXeSw1kUOa13khw9V/JtVTCpTxRsqT1Q+ofJGxb/JYa2LHNa6yGGti/zwIZWpYlL5poqpYlJ5Q+UTFZPKVDGpPFF5UjGpPFH5porfdFjrIoe1LnJY6yL2Bx9QeVLxROVJxaTypGJSuVnFE5UnFZPKk4pJ5ZsqPnFY6yKHtS5yWOsiP3yo4onKVPGkYlJ5UvGkYlL5RMUTlanimyqeVHyiYlJ5UvFNh7UucljrIoe1LmJ/8A9SmSr+JpUnFW+oPKn4JpWpYlKZKp6oPKn4TYe1LnJY6yKHtS7yw1+m8kTlScVvqphU3qh4ovKJiicqT1SmiicVT1Smik8c1rrIYa2LHNa6yA8fUnlSMVVMKlPFE5U3KiaVqWJSmSomlaniicpU8QmVqeITKlPFE5XfdFjrIoe1LnJY6yL2B1+k8omKSWWqeEPljYpJ5RMVT1SmijdUpoonKlPFGypTxTcd1rrIYa2LHNa6yA8fUnlSMalMFZPKVPFEZar4popJZaqYVCaVqWKqeEPlDZUnKm9U/KbDWhc5rHWRw1oX+eFDFZPKN6k8qZhUPqEyVbxR8U0qTyqeVEwqTyreUJkqPnFY6yKHtS5yWOsi9gcfUHlS8URlqnii8qRiUpkqnqh8omJSmSomlTcqJpWp4g2VNyp+02GtixzWushhrYvYH3yRyhsVk8o3VUwqb1R8QmWqeKIyVUwqU8WkMlU8UZkqJpU3Kj5xWOsih7UucljrIvYHH1B5UjGpPKl4ojJVTCpTxSdUpopJZap4ovKJikllqviEypOKSWWq+MRhrYsc1rrIYa2L/PChiknljYpJ5TepvFExqUwVT1SmiicqU8WTiknlmyqeVHzTYa2LHNa6yGGti/zwIZVvqnii8k0Vk8obKk8qnqhMFZPKk4onFU9UnqhMFZPKVPGJw1oXOax1kcNaF/nhyyomlaliUvmEylQxqUwVk8pUMalMFU9UJpUnFW9UTCpvqEwVT1Qmlanimw5rXeSw1kUOa13kh39YxaQyVUwqT1SmijdUpoonKp9QeVIxqTypmFSmiknljYrfdFjrIoe1LnJY6yI//LKKSeVJxaQyVTxReaPiicpUMVVMKlPFpPKbVJ6oPKl4ojJVfNNhrYsc1rrIYa2L/PChijcq3qh4ovKGylTxhsobKlPFb6p4Q+WJyt90WOsih7UucljrIj98SOVvqpgqnqhMFU9Upoo3VKaKT6h8QmWq+CaVqeITh7UucljrIoe1LvLDl1V8k8oTlU+oPFGZKiaVJypTxaQyVUwVT1SeVHxTxaTyTYe1LnJY6yKHtS7ywy9TeaPimyomlaliUpkq3qj4hMonVL6pYlL5TYe1LnJY6yKHtS7yw3+cyidUnlQ8UZkqpoo3VKaKSWWqmFSeqEwVU8VvOqx1kcNaFzmsdZEf/s9UTCpPKiaVSWWqmCqeqDyp+Jsq/kmHtS5yWOsih7Uu8sMvq/hNFW+oTBWTyhsVT1SmiqliUnlSMalMFZPKk4pJ5UnFbzqsdZHDWhc5rHWRH75M5W9SmSo+UTGpPFF5UvFEZap4ojJVPKmYVJ5UTCqTylTxTYe1LnJY6yKHtS5if7DWJQ5rXeSw1kUOa13ksNZFDmtd5LDWRQ5rXeSw1kUOa13ksNZFDmtd5LDWRQ5rXeSw1kUOa13kf6EYA2w8himaAAAAAElFTkSuQmCC'),
(103, 27, 18, 1, 'data:image/png;base64,iVBORw0KGgoAAAANSUhEUgAAAKQAAACkCAYAAAAZtYVBAAAAAklEQVR4AewaftIAAAYgSURBVO3BQa5rwVIAwcyW97/l5M2oCUeybF+aT0XYP6x1icNaFzmsdZHDWhc5rHWRw1oXOax1kcNaFzmsdZHDWhc5rHWRw1oXOax1kcNaFzmsdZHDWhd58SGVv1TxROVJxSdUnlRMKp+o+ITKX6r4xGGtixzWushhrYu8+LKKb1J5R8Wk8kRlqnhS8U0Vk8oTlScVTyq+SeWbDmtd5LDWRQ5rXeTFj6m8o+IdKu9QmSqeqLyjYqr4pYpPqLyj4pcOa13ksNZFDmtd5MV6VPEJlali/c8Oa13ksNZFDmtd5MX/MxWTyi9VPFFZ/+2w1kUOa13ksNZFXvxYxV+qeKLyjop3qEwqTyqeqEwVk8pU8Y6KmxzWushhrYsc1rrIiy9TuYnKVDGpTBWTylQxqUwVk8pUMalMFb+kcrPDWhc5rHWRw1oXefGhiv8kKlPFO1SeqHxC5R0V/5cc1rrIYa2LHNa6yIsPqUwVk8o3VUwVk8pfqphUpopJ5YnKk4pJ5YnKN1X80mGtixzWushhrYvYP3yRylTxROVJxaTyn6TiicqTiknlScWk8k0VnzisdZHDWhc5rHWRFx9SmSomlaniHSpPKiaVqWJS+UTFE5Wp4psqnlR8omJSeVLxTYe1LnJY6yKHtS5i//ABlaniHSpPKn5J5UnFO1SeVHyTylQxqUwVT1SeVPzSYa2LHNa6yGGti9g/fJHKVDGpfKJiUnlHxTtU3lHxROUTFZPKJyomlaniicpU8YnDWhc5rHWRw1oXefEhlaliUpkqJpWp4psqJpV3VEwqU8UTlaniEypTxSdUpoonKr90WOsih7UucljrIvYPX6TyiYpJ5UnFE5WpYlKZKiaVT1Q8UZkq3qEyVTxRmSreoTJVfNNhrYsc1rrIYa2L2D98QOUTFZPKVPFEZaqYVKaKT6hMFZPKk4pPqDypmFS+qeKXDmtd5LDWRQ5rXeTFhyomlaliUnmHylQxVUwq71B5UvGOim9SeVLxpGJSeVLxDpWp4hOHtS5yWOsih7UuYv/wAZUnFU9UpoonKk8qJpWp4onKJyomlaliUnlHxaQyVbxD5R0Vv3RY6yKHtS5yWOsiL35M5RMq36TypOIvVUwqU8WkMlVMKlPFOyomlUnlScUnDmtd5LDWRQ5rXeTFj1VMKk9UpopJZap4R8UTlaniicpUMVVMKu9QmSomlaniHRWTypOKSeWbDmtd5LDWRQ5rXcT+4Q+pPKmYVN5R8UTlScWk8qTiicpU8URlqniHyjdV/KXDWhc5rHWRw1oXsX/4gMpU8URlqniHylQxqUwVT1R+qeKJylQxqTypmFSmiicq76iYVKaKTxzWushhrYsc1rrIiz9WMal8QmWqmFSeVDxRmSqeqEwqTyreUTGpvENlqniiMqlMFd90WOsih7UucljrIi9+TGWqmComlaniicqkMlW8Q2WqeKLyCZUnFZPKk4pJZaqYVN5R8UuHtS5yWOsih7Uu8uLHKiaVJxWTypOKSeWJylQxVUwqU8VUMalMFZPKL6k8UXlS8URlqvimw1oXOax1kcNaF3nxoYp3VLyj4onKX1J5h8pU8UsV71B5ovKXDmtd5LDWRQ5rXeTFh1T+UsVUMak8qfhExROVqeITKp9QmSq+SWWq+MRhrYsc1rrIYa2LvPiyim9SeaLyRGWqmFSeVDxReaIyVUwqU8VU8UTlScU3VUwq33RY6yKHtS5yWOsiL35M5R0Vn6iYVCaVqWJSmVSmiicVn1D5hMo3VUwqv3RY6yKHtS5yWOsiL/7DqEwVk8qk8qRiUpkqnqhMFVPFO1SmikllqphUnqhMFVPFLx3WushhrYsc1rrIi/9wKk8qJpV3qEwVU8UTlScVf6nif9NhrYsc1rrIYa2LvPixil+qeIfKpPKJiicqU8VUMak8qZhUpopJ5UnFpPKk4pcOa13ksNZFDmtd5MWXqfwllaniHRVPVJ6oPKl4ojJVPFGZKp5UTCpPKiaVSWWq+KbDWhc5rHWRw1oXsX9Y6xKHtS5yWOsih7UucljrIoe1LnJY6yKHtS5yWOsih7UucljrIoe1LnJY6yKHtS5yWOsih7Uu8l+m4vle0UknugAAAABJRU5ErkJggg=='),
(104, 27, 19, 1, 'data:image/png;base64,iVBORw0KGgoAAAANSUhEUgAAAKQAAACkCAYAAAAZtYVBAAAAAklEQVR4AewaftIAAAYqSURBVO3BQY4kyRHAQDLQ//8yNTf5RQkUsno2tHAz+4O1LnFY6yKHtS5yWOsih7UucljrIoe1LnJY6yKHtS5yWOsih7UucljrIoe1LnJY6yKHtS5yWOsiP7yk8jdVfEJlqnhD5UnFpPJGxRsqf1PFG4e1LnJY6yKHtS7yw5dVfJPKJ1Q+oTJVPKn4popPqDypeFLxTSrfdFjrIoe1LnJY6yI//DKVT1R8QuUTKlPFE5VPVEwVn1CZKp5UvKHyiYrfdFjrIoe1LnJY6yI//MtUPFGZVKaKqeINlali/W+HtS5yWOsih7Uu8sO/jMpUMVVMKpPKN1U8UVn/dVjrIoe1LnJY6yI//LKKv6niiconKj6hMqk8qXiiMlVMKlPFJypucljrIoe1LnJY6yI/fJnKTVSmikllqphUpopJZaqYVKaKSWWq+E0qNzusdZHDWhc5rHWRH16q+H+iMlVMKlPFJ1SeqLyh8omK/yeHtS5yWOsih7Uu8sNLKlPFpPJNFVPFpPKkYlJ5o2JSmSomlScqTyomlScq31Txmw5rXeSw1kUOa13E/uCLVKaKJypPKiaVJxWTys0qnqg8qZhUnlRMKt9U8cZhrYsc1rrIYa2L/PCSylQxqUwVn1B5UvE3VTxRmSq+qeJJxRsVk8qTim86rHWRw1oXOax1kR9+WcUnKt5QeVIxqTypeENlqvhExROVqWJSmSqmiknlScVvOqx1kcNaFzmsdRH7g79I5Y2Kb1KZKiaVT1Q8UXmjYlJ5o2JSmSqeqEwVbxzWushhrYsc1rrIDy+pTBWTylQxqUwVn1B5UvGkYlKZKiaVqeKJylTxhspU8YbKVPFE5Tcd1rrIYa2LHNa6yA8vVUwq36QyVTypmFQ+UTGpPFF5UvFEZap4UjGpTBVPVKaKNyq+6bDWRQ5rXeSw1kV+eEnlScWTikllqvgnVUwqU8WkMqlMFVPFJ1Q+ofJE5RMVv+mw1kUOa13ksNZFfnipYlJ5ojJVPFF5UjGpPKmYVCaVqeITFd+k8qTiScWk8qTiEypTxRuHtS5yWOsih7UuYn/wRSpTxROVqeKJyhsVT1TeqJhUpopJ5RMVk8pU8QmVT1T8psNaFzmsdZHDWhf54csqJpUnFU9U3qiYVN6o+KaKSWWqmFSmikllqvhExaQyqTypeOOw1kUOa13ksNZF7A/+IpWp4hMqU8VvUpkqJpWp4onKGxWTylTxhsqTikllqnjjsNZFDmtd5LDWRewPvkhlqnii8kbFE5UnFZPKJyqeqEwVT1Smik+ofFPF33RY6yKHtS5yWOsiP7yk8kRlqpgqvkllqphUvknlScUTlaliUnlS8aTiicoTlaliUpkq3jisdZHDWhc5rHWRH76s4onKGxWTylQxqTxRmSomlaniicqk8qTiExWTyidUpoonKpPKVPFNh7UucljrIoe1LvLDP6xiUpkqJpUnKlPFpDJVTCpTxROVN1SeVEwqTyomlaliUvlExW86rHWRw1oXOax1kR9+mcoTlaliUpkqnqg8qXhSMalMFVPFpDJVTCq/SeWJypOKJypTxTcd1rrIYa2LHNa6yA8vVTypeKPiiconVKaKT6h8QmWq+E0Vn1B5ovI3Hda6yGGtixzWusgPL6n8TRVTxROVqeKJypOKJypTxRsqb6hMFd+kMlW8cVjrIoe1LnJY6yI/fFnFN6k8UZkqpoonKlPFpPJE5YnKVDGpTBVTxROVJxXfVDGpfNNhrYsc1rrIYa2L/PDLVD5R8U0qb1R8ouINlTdUvqliUvlNh7UucljrIoe1LvLDv4zKVDGpPFH5RMUTlaliqviEylQxqUwVk8oTlaliqvhNh7UucljrIoe1LvLDv5zKVPFEZaqYVCaVqWKqeKLypOJvqvgnHda6yGGtixzWusgPv6ziN1X8kyqeqEwVU8Wk8qRiUpkqJpUnFZPKk4rfdFjrIoe1LnJY6yL2By+o/E0Vk8pU8URlqnii8kbFE5Wp4onKVPEJlaniicqTim86rHWRw1oXOax1EfuDtS5xWOsih7UucljrIoe1LnJY6yKHtS5yWOsih7UucljrIoe1LnJY6yKHtS5yWOsih7UucljrIv8BB2AGYPlQ1fgAAAAASUVORK5CYII='),
(105, 27, 20, 1, 'data:image/png;base64,iVBORw0KGgoAAAANSUhEUgAAAKQAAACkCAYAAAAZtYVBAAAAAklEQVR4AewaftIAAAYaSURBVO3BQY4cSRLAQDLQ//8yV0c/JVDIak1o4Wb2B2td4rDWRQ5rXeSw1kUOa13ksNZFDmtd5LDWRQ5rXeSw1kUOa13ksNZFDmtd5LDWRQ5rXeSw1kV+eEnlb6qYVKaKSWWqeKLypGJSmSomlanib1L5myreOKx1kcNaFzmsdZEfvqzim1SeVLyh8gmVqeINlaniicqTiicV36TyTYe1LnJY6yKHtS7ywy9T+UTFGypvVEwqn1D5RMWk8qRiUnlD5RMVv+mw1kUOa13ksNZFfvjHqUwVk8obFU9UnlT8por/J4e1LnJY6yKHtS7yw/qrVKaKqeKJylTx/+Sw1kUOa13ksNZFfvhlFX+TylQxqUwVT1SeVEwqk8pUMal8omJSmSo+UXGTw1oXOax1kcNaF/nhy1T+SxWTylQxqUwVTyomlaliUvlExaTyTSo3O6x1kcNaFzmsdRH7g3+YylTxROUTFd+k8qTiicqTin/ZYa2LHNa6yGGti/zwkspU8QmVqWJSeUNlqphUpopJ5UnFpDJVTBWfUJkqJpVJ5ZsqnqhMFW8c1rrIYa2LHNa6iP3BL1J5UjGpTBWfUHmj4hMqn6iYVN6o+ITKGxW/6bDWRQ5rXeSw1kV++DKVJxWTylQxqTyp+ETFE5UnFU8qJpUnFZ9QmVSmiicVT1Smikllqvimw1oXOax1kcNaF/nhJZWp4g2VqeITFZPKpDJVPKl4o+INlScVT1SmikllqnhS8ZsOa13ksNZFDmtd5IeXKp6oTBVPKiaVJxWTypOKf1nFpDJVTBVPKiaVqWJSmSq+6bDWRQ5rXeSw1kXsD15QmSo+oTJV/E0qU8WkMlV8QuWNikllqphU3qj4Lx3WushhrYsc1rrID1+mMlVMKlPFpPKkYlKZKn6TylTxiYpJZaqYVD5R8UTliconKr7psNZFDmtd5LDWRewPvkjlScWkMlU8UZkqPqHypOKJypOKb1KZKj6h8qTiJoe1LnJY6yKHtS5if3ARlTcqJpVPVEwqU8UbKt9UMak8qZhUpoonKlPFNx3WushhrYsc1rqI/cEvUvlExRsqTyqeqEwVT1SmiknlScUTlaliUrlJxRuHtS5yWOsih7Uu8sNLKr9J5b+kMlU8UZkqPqHyTRWfUJkqJpXfdFjrIoe1LnJY6yL2B1+kMlVMKk8qnqhMFZPKGxWTylTxROWbKiaVqeINlaniEypTxRuHtS5yWOsih7UuYn/wi1S+qWJSeaNiUnlS8QmVT1T8TSpPKiaVJxVvHNa6yGGtixzWuoj9wQsqU8UTlaliUpkqJpUnFU9UnlR8QuVJxaQyVUwqn6h4ovKbKr7psNZFDmtd5LDWRX54qeKbKiaVqWJSeaPiicpU8aTijYonKk9UpopJ5RMVk8pvOqx1kcNaFzmsdRH7g79I5UnFGypPKp6oTBXfpPJGxSdUpoqbHda6yGGtixzWusgPL6l8omJSeaLyiYrfpDJVTCpTxVTxhsobKk8qPqEyVbxxWOsih7UucljrIvYH/zCVJxWTylTxhspvqphUnlR8QmWqmFSmikllqnjjsNZFDmtd5LDWRX54SeVvqviEyhOVqWJSmSqeVEwqU8UbFZPKE5Wp4onKVDGp/KbDWhc5rHWRw1oX+eHLKr5J5UnFE5UnFZPKVPGk4knFE5WpYlJ5o+KbKiaVbzqsdZHDWhc5rHWRH36ZyicqPqHypGJSmVSmiicqTyqeqEwV36TyRsUnKr7psNZFDmtd5LDWRX74x1V8ouITKlPFJ1SeqDypmFSmiicqU8WkMqlMFZPKk4o3Dmtd5LDWRQ5rXeSH/zMqU8Wk8omKSWWqmFSeVEwqT1SmiknlScWkMlVMKpPKVPGbDmtd5LDWRQ5rXeSHX1bxN1VMKlPFpPKGypOKJxWTyhOVqeKJyhOVqeK/dFjrIoe1LnJY6yI/fJnK36TypGJSmSomlScVk8onVKaKJxWTyhOVJxWfUJkqJpWp4o3DWhc5rHWRw1oXsT9Y6xKHtS5yWOsih7UucljrIoe1LnJY6yKHtS5yWOsih7UucljrIoe1LnJY6yKHtS5yWOsih7Uu8j+MJgJSMHyx6AAAAABJRU5ErkJggg=='),
(106, 27, 21, 1, 'data:image/png;base64,iVBORw0KGgoAAAANSUhEUgAAAKQAAACkCAYAAAAZtYVBAAAAAklEQVR4AewaftIAAAYhSURBVO3BQQ4bOxbAQFLw/a/MyVIrAY22M/rBq7I/GOMSizEushjjIosxLrIY4yKLMS6yGOMiizEushjjIosxLrIY4yKLMS6yGOMiizEushjjIosxLvLhJZW/qeIJlV3FGyonFTuVNyreUPmbKt5YjHGRxRgXWYxxkQ9fVvFNKr+ksqs4qfimiidUTipOKr5J5ZsWY1xkMcZFFmNc5MOPqTxR8YTKScVOZVdxovJExa7iCZVdxUnFGypPVPzSYoyLLMa4yGKMi3z4x6mcqOwqdhVvqOwqvkllV/FfthjjIosxLrIY4yIf/nEVJyo7lW+qOFF5o+JfshjjIosxLrIY4yIffqzib6o4UdlV7FR2FU+o7FROKk5UdhU7lV3FExU3WYxxkcUYF1mMcZEPX6ZyE5VdxU5lV7FT2VXsVHYVO5VdxU5lV/FLKjdbjHGRxRgXWYxxkQ8vVfyXqJyo7CqeUDlR+aaKk4r/ksUYF1mMcZHFGBf58JLKrmKn8k0Vu4qdyknFTuWNip3KrmKncqLyhMquYqfyTRW/tBjjIosxLrIY4yL2B1+ksqt4QmVXsVP5l1ScqJxU7FROKnYq31TxxmKMiyzGuMhijIt8eEnlRGVX8YTKScWJyjdVnKjsKr6p4qTijYqdyknFNy3GuMhijIssxriI/cFFVHYVT6icVOxUTiqeUDmp+CaVXcVOZVdxonJS8UuLMS6yGOMiizEu8uEvUzmp2KnsKp6oeKJip/JExYnKGxUnKicqu4qTihOVXcUbizEushjjIosxLvLhJZVfqtipvKGyq9ip7Cp2KruKE5VdxRsqu4o3VHYVJyq/tBjjIosxLrIY4yL2B1+ksqs4UdlV7FROKk5UdhVPqLxRcaKyq3hCZVdxorKreEJlV/FNizEushjjIosxLvLhJZUnVHYVO5VdxU7lDZWTil3FTmVXsVPZqewqdhVPqDyhcqLyRMUvLca4yGKMiyzGuMiHlyp2KjuVN1SeUHlDZVfxRMU3qZxUnFTsVE4qnlDZVbyxGOMiizEushjjIvYHL6icVJyo7CpOVN6oeELliYqdyq5ip/JExU5lV/GEyhMVv7QY4yKLMS6yGOMiH76sYqfyhMobFTuVncpJxa7ilyp2KruKncquYqeyq3iiYqeyUzmpeGMxxkUWY1xkMcZF7A/+IpWTihOVXcVO5aTiRGVXcaKyqzhReaNip7KreEPlpGKnsqt4YzHGRRZjXGQxxkU+XE7lRGVXcaLyhsqu4kRlV3Gisqs4qdipfFPFScU3Lca4yGKMiyzGuIj9wQsqu4oTlV3FTmVXsVPZVexUdhVPqHxTxYnKrmKnclKxU9lVnKg8UbFT2VW8sRjjIosxLrIY4yL2By+o7CqeUPmmip3KruIJlV3FicoTFScqu4qdyknFTmVXcaJyUvFNizEushjjIosxLvLhx1R2FbuKncquYqeyq9ip7CpOVE4qTlTeUDmp2KmcVOxUdhU7lScqfmkxxkUWY1xkMcZFPvxlKicVO5VvUtlVnKjsKnYVO5VdxU7ll1ROVE4qTlR2Fd+0GOMiizEushjjIh9eqjipeKPiRGVX8YbKicoTKruKX6p4QuVE5W9ajHGRxRgXWYxxkQ8vqfxNFbuKE5VdxRsVJyq7ijdU3lDZVXyTyq7ijcUYF1mMcZHFGBf58GUV36RyovKGyq5ip3KicqKyq9ip7Cp2FScqJxXfVLFT+abFGBdZjHGRxRgX+fBjKk9UvFFxorKrOKl4ouINlTdUvqlip/JLizEushjjIosxLvLhH6Oyq9hVnKg8UXGisqvYVTyhsqvYqewqdionKruKXcUvLca4yGKMiyzGuMiHf5zKScVJxU5lp7Kr2FWcqJxU/E0V/0+LMS6yGOMiizEu8uHHKn6p4g2VNypOVHYVu4qdyknFTmVXsVM5qdipnFT80mKMiyzGuMhijIvYH7yg8jdV7FR2FScqu4oTlTcqTlR2FScqu4onVHYVJyonFd+0GOMiizEushjjIvYHY1xiMcZFFmNcZDHGRRZjXGQxxkUWY1xkMcZFFmNcZDHGRRZjXGQxxkUWY1xkMcZFFmNcZDHGRf4H/1j/UkPFH3MAAAAASUVORK5CYII='),
(107, 27, 22, 1, 'data:image/png;base64,iVBORw0KGgoAAAANSUhEUgAAAKQAAACkCAYAAAAZtYVBAAAAAklEQVR4AewaftIAAAYYSURBVO3BQY4cy5LAQDLQ978yR0tfJVDIav14GjezP1jrEoe1LnJY6yKHtS5yWOsih7UucljrIoe1LnJY6yKHtS5yWOsih7UucljrIoe1LnJY6yKHtS7yw0sqf1PFE5UnFW+oPKmYVN6oeEPlb6p447DWRQ5rXeSw1kV++LKKb1J5o+KJylTxpOKbKiaVSeUTFU8qvknlmw5rXeSw1kUOa13kh1+m8omKT6g8UXlS8UTlExVTxRsVk8pU8YbKJyp+02GtixzWushhrYv88I+rmFQ+UfGGylTxTSpTxX/ZYa2LHNa6yGGti/zw/5zKb6p4ovJGxb/ksNZFDmtd5LDWRX74ZRV/U8UnKiaVqeITKpPKk4onKlPFpDJVfKLiJoe1LnJY6yKHtS7yw5ep3ERlqphUpopJZaqYVKaKSWWqmFSmit+kcrPDWhc5rHWRw1oX+eGlin+JylTxCZUnKt9U8aTiv+Sw1kUOa13ksNZF7A9eUJkqJpVvqnii8k0Vn1CZKiaVNyomlaliUvmmit90WOsih7UucljrIvYHX6QyVXxCZaqYVP4lFU9UnlRMKk8qJpVvqnjjsNZFDmtd5LDWRX54SeWJylQxqTxReVLxROWbKp6oTBXfVPGk4o2KSeVJxTcd1rrIYa2LHNa6iP3BCypTxX+JypOKT6g8qfgmlaliUpkqnqg8qfhNh7UucljrIoe1LmJ/8EUqU8Wk8qRiUpkqPqEyVXxC5RMVT1TeqJhU3qiYVKaKJypTxRuHtS5yWOsih7Uu8sNLKk9U3qj4hMoTlaliUpkqJpWp4onKVPGGylTxhspU8UTlNx3WushhrYsc1rrIDy9VTCpTxaTyCZVPVEwqU8WkMlVMKk9UnlQ8UZkqnlRMKlPFE5Wp4o2KbzqsdZHDWhc5rHWRH15SeaNiUpkq/pcqJpWpYlKZVKaKqeITKp9QeaLyiYrfdFjrIoe1LnJY6yI/vFQxqXyTylTxROUNlaniExXfpPKk4knFpPKk4hMqU8Ubh7UucljrIoe1LmJ/8ILKk4onKlPFE5U3Kp6ovFExqUwVk8onKiaVqeITKp+o+E2HtS5yWOsih7Uu8sOXVUwqb6h8omJSmVSeVPxNFZPKVDGpTBWTylTxiYpJZVJ5UvHGYa2LHNa6yGGti9gfvKDypGJSeVLxRGWqmFSeVHyTylTxROWNikllqnhD5UnFpDJVvHFY6yKHtS5yWOsi9gcvqEwVT1R+U8UTlScVk8qTiicqU8UTlaniEyrfVPE3Hda6yGGtixzWusgPf1nFE5WpYlKZKiaVJxWTyqTyCZUnFU9UpopJ5UnFk4onKk9UpopJZap447DWRQ5rXeSw1kV++B9TeaLyRGWqmFSeVDxRmSqeqEwqTyo+UTGpfEJlqniiMqlMFd90WOsih7UucljrIj/8MpWpYqqYVKaKJyqTylTxCZWp4onKGypPKiaVJxWTylQxqXyi4jcd1rrIYa2LHNa6yA9/mcqTikllqpgqJpU3KiaVqWKqmFSmiknlN6k8UXlS8URlqvimw1oXOax1kcNaF/nhpYonFW9UPFH5hMpUMak8UfmEylTxmyo+ofJE5W86rHWRw1oXOax1kR9eUvmbKqaKJypTxScqPqEyVbyh8obKVPFNKlPFG4e1LnJY6yKHtS7yw5dVfJPKE5Wp4hMqU8WkMlVMKk9UpopJZaqYKp6oPKn4popJ5ZsOa13ksNZFDmtd5IdfpvKJim+qmFQ+UfGJijdU3lD5popJ5Tcd1rrIYa2LHNa6yA//GJWp4knFpDJVTCpTxROVqWKq+ITKVDGpTBWTyhOVqWKq+E2HtS5yWOsih7Uu8sM/TmWqmFTeUJkqpoonKk8q/qaK/6XDWhc5rHWRw1oX+eGXVfymik+ofFPFE5WpYqqYVJ5UTCpTxaTypGJSeVLxmw5rXeSw1kUOa13E/uAFlb+pYlKZKr5J5Y2KJypTxROVqeITKlPFE5UnFd90WOsih7UucljrIvYHa13isNZFDmtd5LDWRQ5rXeSw1kUOa13ksNZFDmtd5LDWRQ5rXeSw1kUOa13ksNZFDmtd5LDWRf4PthnzWPV2AbcAAAAASUVORK5CYII='),
(110, 27, 23, 1, 'data:image/png;base64,iVBORw0KGgoAAAANSUhEUgAAAKQAAACkCAYAAAAZtYVBAAAAAklEQVR4AewaftIAAAYKSURBVO3BQQ4jNxDAQFLw/7/M7FEnAYOxN0rQVfYHY1xiMcZFFmNcZDHGRRZjXGQxxkUWY1xkMcZFFmNcZDHGRRZjXGQxxkUWY1xkMcZFFmNcZDHGRT68pPI3VexUnqg4UTmp2KnsKnYqu4q/SeVvqnhjMcZFFmNcZDHGRT58WcU3qZxU7FR2FScqT6jsKt5Q+aaKk4pvUvmmxRgXWYxxkcUYF/nwYypPVPybKnYqT6g8UbFTOanYqbyh8kTFLy3GuMhijIssxrjIh/84lV3FExUnFScqJxW/VPF/shjjIosxLrIY4yIf/udUnqj4JZVdxa7iRGVX8X+yGOMiizEushjjIh9+rOJvUtlV7FR2FScqJxU7lZ3KrmKn8kTFTmVX8UTFTRZjXGQxxkUWY1zkw5ep/Jsqdiq7ip3KruKkYqeyq9ipPFGxU/kmlZstxrjIYoyLLMa4iP3Bf5jKruIJlZOKb1I5qThROan4L1uMcZHFGBdZjHGRDy+p7CqeUNlV7FTeUHmiYqdyUrFT2VXsKp5Q2VXsVHYq31RxorKreGMxxkUWY1xkMcZF7A9+SOWkYqeyq3hC5Y2KJ1SeqNipvFHxhMobFb+0GOMiizEushjjIh++TOWk4qRip3JS8UTFicpJxUnFTuWk4gmVncqu4qTiRGVXsVPZVXzTYoyLLMa4yGKMi3z4soonVHYVu4o3KnYqu4qTijcq3lA5qThR2VXsVHYVJxW/tBjjIosxLrIY4yIfvkzlpOIJlZOKXcVJxU7lv6Rip7Kr2FWcVOxUdhU7lV3FNy3GuMhijIssxrjIh5dUdhXfVLFT2ansKnYqu4qTip3KrmJXcaLyRsVOZVexU3mj4qTilxZjXGQxxkUWY1zE/uAFlZOKJ1ROKv4mlZOKE5VdxU5lV7FTOal4QuWbKr5pMcZFFmNcZDHGRewPvkjlpGKnsqv4m1R2FScqJxXfpLKreELlpOImizEushjjIosxLvLhyyp2KicVO5WTip3KrmKnsqt4QmVX8YbKGyq7ip3KScVOZVdxorKr+KbFGBdZjHGRxRgXsT/4IZUnKt5QOan4JpVdxU7lpOJEZVexU7lJxRuLMS6yGOMiizEu8uEllW9S+TepnFScqOwqnlD5poonVHYVO5VfWoxxkcUYF1mMcZEPX1ZxonJScaKyq9ipnKh8U8VOZafyRsVOZVfxhsqu4qRip/JNizEushjjIosxLvLhx1TeUNlV7FTeqPimip3KExUnFb+ksqvYqfzSYoyLLMa4yGKMi3z4sYonVHYVO5WTip3KL6mcVOxUdhU7lScqTlTeUDmp+KbFGBdZjHGRxRgX+fBSxRMqu4pdxU5lV7FTOanYqTyhsqs4qXij4kTlRGVXsVN5omKn8kuLMS6yGOMiizEuYn/wF6mcVJyovFGxUzmp+CaVNyqeUNlV3GwxxkUWY1xkMcZFPryk8kTFTuVEZVexU9lVnKjsKnYqJyq7ip3KrmJX8YbKGyonFU+o7CreWIxxkcUYF1mMcZEPL1W8UXFS8TdVnFTsVE5U3qh4ouIJlROVXcUvLca4yGKMiyzGuMiHl1T+pooTlSdUdhVvVOxUdhVvVOxUTlR2FScqu4qdyi8txrjIYoyLLMa4yIcvq/gmlZOKncoTFTuVXcVJxUnFicquYqfyRsU3VexUvmkxxkUWY1xkMcZFPvyYyhMVT6icVOxUTipOVE4qTlR2Fd+k8kbFExXftBjjIosxLrIY4yIf/uMq/qaKJ1ROVE4qdiq7ihOVXcVOZaeyq9ipnFS8sRjjIosxLrIY4yIf/mdUdhW7ihOVXcVOZVexUzmp2KmcqOwqdionFTuVXcVOZaeyq/ilxRgXWYxxkcUYF/nwYxV/U8VO5ZdUTipOKnYqJyq7ihOVE5Vdxb9pMcZFFmNcZDHGRT58mcrfpHJS8YTKScVO5QmVXcVJxU7lROWk4gmVXcVOZVfxxmKMiyzGuMhijIvYH4xxicUYF1mMcZHFGBdZjHGRxRgXWYxxkcUYF1mMcZHFGBdZjHGRxRgXWYxxkcUYF1mMcZHFGBf5B/mW8UVq9qCyAAAAAElFTkSuQmCC'),
(112, 27, 24, 1, 'data:image/png;base64,iVBORw0KGgoAAAANSUhEUgAAAKQAAACkCAYAAAAZtYVBAAAAAklEQVR4AewaftIAAAYJSURBVO3BQW4kRxDAQLKg/3+Z3mOeGhj0aF02MsL+YK1LHNa6yGGtixzWushhrYsc1rrIYa2LHNa6yGGtixzWushhrYsc1rrIYa2LHNa6yGGtixzWusgPL6n8TRWTyicqnqg8qZhUpopJZap4ojJVvKHyN1W8cVjrIoe1LnJY6yI/fFnFN6k8qZhUPqHyCZWp4g2VqeKJypOKJxXfpPJNh7UucljrIoe1LvLDL1P5RMW/qWJS+YTKJyomlScVk8obKp+o+E2HtS5yWOsih7Uu8sN/nMqTiicVTyqeqDyp+E0V/yeHtS5yWOsih7Uu8sP/TMWkMlVMKlPFb1KZKqaKJypTxf/JYa2LHNa6yGGti/zwyyr+JpWp4g2VJxWTyqQyVUwqn6iYVKaKT1Tc5LDWRQ5rXeSw1kV++DKVf1PFpDJVvFExqUwVk8onKiaVb1K52WGtixzWushhrYvYH/yHqUwVT1Q+UfFNKk8qnqg8qfgvO6x1kcNaFzmsdZEfXlKZKj6hMlVMKm+ofKJiUnlSMalMFVPFJ1SmikllUvmmiicqU8Ubh7UucljrIoe1LmJ/8ItUnlRMKlPFGyqfqPiEyicqJpU3Kj6h8kbFbzqsdZHDWhc5rHUR+4MvUnlSMam8UTGpTBWfUHlSMalMFZPKVPGGypOKN1Smikllqvimw1oXOax1kcNaF/nhJZUnFW9UfJPKVPGk4o2KN1SeVDxRmSomlaniScVvOqx1kcNaFzmsdZEfXqp4ovKJiknlScVU8aRiUvkvqZhUpoqp4knFpDJVTCpTxTcd1rrIYa2LHNa6iP3BCypTxROVJxVPVJ5UTCpTxaQyVUwqU8UnVN6omFSmiknljYp/02GtixzWushhrYv88GUqTyqeqHyi4knFN6lMFZ+omFSmiknlExVPVJ6ofKLimw5rXeSw1kUOa13E/uCLVN6oeKLypOITKlPFE5UnFd+kMlV8QuVJxU0Oa13ksNZFDmtd5Icvq5hUpoonKt+kMlV8QmWqeEPlDZWpYlJ5UjGpTBVPVKaKbzqsdZHDWhc5rHUR+4MXVKaKSeVJxW9SmSq+SWWqmFSeVDxRmSomlZtUvHFY6yKHtS5yWOsiP1xG5Y2KqeJvUpkqPqHyTRWfUJkqJpXfdFjrIoe1LnJY6yL2B3+RyicqJpWpYlKZKiaVJxVvqHxTxaQyVbyhMlV8QmWqeOOw1kUOa13ksNZFfnhJZaqYVKaKSeWJylQxqUwVn6iYVKaKT1RMKp+oeFLxm1SmiknlNx3WushhrYsc1rqI/cELKm9UTCpTxRsqU8UnVKaKSeVJxaQyVUwqn6h4ovKbKr7psNZFDmtd5LDWRX54qeKJylTxpGJSmSo+UTGpTBXfVPFGxROVJypTxaTyiYpJ5Tcd1rrIYa2LHNa6iP3BL1KZKiaVqeINlW+q+CaVNyo+oTJV3Oyw1kUOa13ksNZFfnhJ5UnFGypTxaQyVTxRmSomlScqU8WkMlVMFW+ovKHypOITKlPFG4e1LnJY6yKHtS7yw0sVb1Q8qbhJxaTyROWNik9UfELlicpU8ZsOa13ksNZFDmtd5IeXVP6mim9S+aaKSWWqeKNiUnmiMlU8UZkqJpXfdFjrIoe1LnJY6yI/fFnFN6k8qZhUpoonFU9Upoqp4knFE5WpYlJ5o+KbKiaVbzqsdZHDWhc5rHWRH36ZyicqPqHyROWbVJ5UPFGZKr5J5Y2KT1R802GtixzWushhrYv88B9X8URlqnij4hMqT1SeVEwqU8UTlaliUplUpopJ5UnFG4e1LnJY6yKHtS7yw/+MylTxCZWpYlKZKiaVJxWTyhOVqWJSeVIxqUwVk8qkMlX8psNaFzmsdZHDWhf54ZdV/E0Vk8pvUnlS8aRiUnmiMlU8UXmiMlX8mw5rXeSw1kUOa13khy9T+ZtUnlR8QuVJxaTyCZWp4knFpPJE5UnFJ1SmikllqnjjsNZFDmtd5LDWRewP1rrEYa2LHNa6yGGtixzWushhrYsc1rrIYa2LHNa6yGGtixzWushhrYsc1rrIYa2LHNa6yGGti/wDxZ36M34Nb74AAAAASUVORK5CYII='),
(114, 35, 1, 1, 'data:image/png;base64,iVBORw0KGgoAAAANSUhEUgAAAKQAAACkCAYAAAAZtYVBAAAAAklEQVR4AewaftIAAAYPSURBVO3BQY4cy5LAQDLQ978yR0tfJZBT1XqhDzezP1jrEoe1LnJY6yKHtS5yWOsih7UucljrIoe1LnJY6yKHtS5yWOsih7UucljrIoe1LnJY6yKHtS7yw4dU/qaKSWWqmFSmikllqphUpopJ5Y2KJypTxSdU/qaKTxzWushhrYsc1rrID19W8U0qTyomlTcqnlRMKlPFpDJVPFF5ovJGxZOKb1L5psNaFzmsdZHDWhf54ZepvFHxiYpJ5Q2VqeKNiicqTyomlaliUvmEyhsVv+mw1kUOa13ksNZFfvjHqXxTxaQyVTxR+YTKVPGk4n/JYa2LHNa6yGGti/zwP67iX1LxhspU8S87rHWRw1oXOax1kR9+WcXfVPGGylTxhsonKiaVJxXfVHGTw1oXOax1kcNaF/nhy1RuojJV/KaKSWWqmFSmiknlm1RudljrIoe1LnJY6yL2B/8wlTcqJpUnFZPKk4r1/3dY6yKHtS5yWOsiP3xIZap4Q2WqmFTeqPhExaQyVTxRmSomlScVk8pUMan8poonKlPFJw5rXeSw1kUOa13khw9VTCpPKt6omFSmikllqphUpopJZap4ojJVTCpTxaTyhspU8YbKGypTxVTxTYe1LnJY6yKHtS5if/AfUpkqJpWp4iYqTyreUPlExSdUpopJZar4psNaFzmsdZHDWhf54UMqU8U3VbyhMlVMKk8qJpWp4g2VqeKNikllqniiMlVMKlPFk4rfdFjrIoe1LnJY6yI/fJnKVDGpTBWTypOKSWWqeKNiUnmj4onKE5Wp4knFpDJVTBVPKiaVqWJSmSq+6bDWRQ5rXeSw1kXsDy6iMlVMKk8qJpWpYlKZKt5QmSqeqEwVk8obFZPKJyr+S4e1LnJY6yKHtS7yw4dUnlQ8UXmi8qTiScUnVKaKN1TeqJhU3qh4ovJE5Y2KbzqsdZHDWhc5rHUR+4MvUnlSMak8qXiiMlU8UZkq/iaVJxWTylTxhsqTipsc1rrIYa2LHNa6iP3BB1Q+UTGpvFHxm1SeVHxC5RMVk8qTikllqniiMlV802GtixzWushhrYvYH3xAZaqYVKaK36TypOKJylTxROUTFZPKk4pJ5SYVnzisdZHDWhc5rHWRH75MZaqYVKaKJypTxZOKN1Smik9UTCpTxZOKb6p4Q2WqmFR+02GtixzWushhrYv88JdVvFExqTypeKLyTRVPKiaVJxWTypOKT6hMFU8qJpVvOqx1kcNaFzmsdZEfvqziDZU3Kp6ofJPKVDGpTBVvVLxR8ZtUpopJ5Tcd1rrIYa2LHNa6iP3BB1SmikllqphUpoonKlPFE5VPVLyh8k0Vk8pU8UTlN1V802GtixzWushhrYv88KGKT1Q8UflExaTypOKJylQxVbyhMlV8QmWqmFRudljrIoe1LnJY6yL2B/8wlScVT1SmiicqTyo+ofKk4g2VqeJmh7UucljrIoe1LmJ/8AGVJxWTyjdVTCpPKp6oPKl4ojJVTCpTxRsqv6niDZWp4hOHtS5yWOsih7Uu8sOHKt6o+CaVN1SmiqniDZWpYlJ5ojJVfKLiDZUnKlPFbzqsdZHDWhc5rHWRHz6k8jdVPKl4ovJEZap4Q2WqeEPlScWk8kRlqniiMlVMKr/psNZFDmtd5LDWRX74sopvUnlSMalMFVPFN1VMKpPKVDGpPKmYVN6o+KaKSeWbDmtd5LDWRQ5rXeSHX6byRsUbKlPFE5VPqEwVU8WkMqk8qfiEyicq3qj4psNaFzmsdZHDWhf54R9XMam8UTGpPKmYVKaKqWJSmSomlTcqnqhMFZPKGypPKj5xWOsih7UucljrIj/8j6uYVCaVb1L5TRWTypOKSWWqmFSeVPymw1oXOax1kcNaF/nhl1XcrGJSeaNiUpkqJpVJ5Q2VqeKJyhOVqeK/dFjrIoe1LnJY6yI/fJnK36QyVUwqn1D5poonKlPFpPJE5UnFGypTxaQyVXzisNZFDmtd5LDWRewP1rrEYa2LHNa6yGGtixzWushhrYsc1rrIYa2LHNa6yGGtixzWushhrYsc1rrIYa2LHNa6yGGti/wfKtkGPPBRHH0AAAAASUVORK5CYII='),
(115, 35, 2, 1, 'data:image/png;base64,iVBORw0KGgoAAAANSUhEUgAAAKQAAACkCAYAAAAZtYVBAAAAAklEQVR4AewaftIAAAYpSURBVO3BQY4cy5LAQDLQ978yR0tfJZCoav14GjezP1jrEoe1LnJY6yKHtS5yWOsih7UucljrIoe1LnJY6yKHtS5yWOsih7UucljrIoe1LnJY6yKHtS7yw4dU/qaKN1SmiknlScWk8psqvknlb6r4xGGtixzWushhrYv88GUV36TyhspU8aRiUplUpoonKlPFpDJVPFF5o+JJxTepfNNhrYsc1rrIYa2L/PDLVN6oeENlqphUPlExqbyh8kRlqpgqJpWp4hMqb1T8psNaFzmsdZHDWhf54R9XMalMFU9UpopJZap4ovJE5Q2VqeK/7LDWRQ5rXeSw1kV++H+mYlJ5UjGpTBWTypOKJypTxROVf8lhrYsc1rrIYa2L/PDLKv4mlaliUvkmlU+oTBWTylTxTRU3Oax1kcNaFzmsdZEfvkzlf6liUpkqJpWpYlKZKiaVqWJSuYnKzQ5rXeSw1kUOa13E/uA/TOVJxRsqU8WkMlVMKk8q3lCZKv5lh7UucljrIoe1LvLDh1SmiknlmyqmiknlDZXfVPGGyhsqU8Wk8k0Vv+mw1kUOa13ksNZFfvhlFZPKVPEJlTdUpoonKk9UpopJ5UnFGypTxaTypGJSeUPlScUnDmtd5LDWRQ5rXeSHD1VMKlPFVPFE5UnFVDGpvKEyVUwV31TxRsUbFZ+omFSeVHzTYa2LHNa6yGGti/zwIZVPqEwV36QyVbyhMlW8UfEJlaliUpkqJpWpYqqYVJ5U/KbDWhc5rHWRw1oX+eHLKiaVJxVPVL5J5UnFVDGpTBVPVJ5UPKl4Q+WJylTxpOKJylTxicNaFzmsdZHDWhf54UMVk8pUMak8UZkq3lB5o2JSeUNlqpgqnqhMFZPKk4pPqEwVT1R+02GtixzWushhrYv88JdVPKmYVKaKSWWqmFTeqJhUpoonKlPFpDJVPKl4ojJVPFGZKj5R8U2HtS5yWOsih7Uu8sOHVH5Txf9SxROVJypPVKaKJypvqDxReaPiNx3WushhrYsc1rrID19WMalMFU9UnlQ8UZkq3lCZKp5UvKEyVTxReVLxpGJSeVLxhspU8YnDWhc5rHWRw1oXsT/4gMqTiknlScUTlU9UPFH5TRWTylQxqUwVk8pU8YbKGxW/6bDWRQ5rXeSw1kV++FDFJyomlScVT1SmikllqnhS8YbKVPGk4g2VqWJSmSreqJhUJpUnFZ84rHWRw1oXOax1EfuDD6g8qXhDZaqYVJ5UfELlScWk8k0Vb6hMFZ9QeVIxqUwVnzisdZHDWhc5rHUR+4MPqHyi4onKGxWTypOKSWWqmFSeVLyh8kbFE5VvqvibDmtd5LDWRQ5rXcT+4AMqU8UTlTcq3lB5UvGGypOKSeVJxSdUpopJZap4ovJGxaQyVXzisNZFDmtd5LDWRX74ZSpTxaTyRGWqmFSmiknlExWTyqTyCZWpYlKZKiaVN1SmijdUpopvOqx1kcNaFzmsdZEfflnFJyreUHmiMlV8omJSeaNiUpkqJpUnFZPKVDGpvFHxmw5rXeSw1kUOa13kh8upTBVPKiaVqeJvqnii8k0qT1SeVDxRmSq+6bDWRQ5rXeSw1kV++FDFJyq+SeWJylQxqbyhMlVMKlPFVDGpfKLiDZUnKn/TYa2LHNa6yGGti/zwIZW/qWKqeKIyVUwqb1T8l6hMFd+kMlV84rDWRQ5rXeSw1kV++LKKb1J5ojJVPFF5UvGGylQxVTxReaIyVUwqTyq+qWJS+abDWhc5rHWRw1oX+eGXqbxR8TdVPFGZKqaKJypTxVQxqUwVk8oTlW+qmFR+02GtixzWushhrYv8sF5ReVIxVTxRmSomlScVk8pUMal8ouI3Hda6yGGtixzWusgP/xiVJxWTypOKb1KZKiaVqWJS+Zcd1rrIYa2LHNa6yA+/rOI3VUwqf5PKVDGpPFF5o2JSmSomlScVk8qTit90WOsih7UucljrIvYHH1D5myomlU9UfELlScWk8qTiicpU8YbKVPFE5UnFNx3WushhrYsc1rqI/cFalzisdZHDWhc5rHWRw1oXOax1kcNaFzmsdZHDWhc5rHWRw1oXOax1kcNaFzmsdZHDWhc5rHWR/wNrbgNpR/ZgogAAAABJRU5ErkJggg=='),
(116, 35, 3, 1, 'data:image/png;base64,iVBORw0KGgoAAAANSUhEUgAAAKQAAACkCAYAAAAZtYVBAAAAAklEQVR4AewaftIAAAYdSURBVO3BQW4sS3DAQLKg+1+ZfsvcuIHGjOT6RkbYP6x1icNaFzmsdZHDWhc5rHWRw1oXOax1kcNaFzmsdZHDWhc5rHWRw1oXOax1kcNaFzmsdZHDWhf54UMqf6liUnmjYlJ5UjGp/KaKb1L5SxWfOKx1kcNaFzmsdZEfvqzim1Q+UTGpfFPFE5U3VJ5UfKLim1S+6bDWRQ5rXeSw1kV++GUqb1S8UTGpvFHxRsUTlaniicobKk8q3lB5o+I3Hda6yGGtixzWusgP/3EqU8Wk8kRlqphUpopJZap4orL+d4e1LnJY6yKHtS7yw39cxaTypOKJyhsVb1RMKlPFE5Wp4v+Tw1oXOax1kcNaF/nhl1X8pYpJ5YnKVPEJlaliUnmiMlVMFd9UcZPDWhc5rHWRw1oX+eHLVP6SylTxTSpTxaQyVUwqU8WkMlVMKlPFpDJVPFG52WGtixzWushhrYv88KGKm1VMKk9U3qh4UvGGyjdV/Jcc1rrIYa2LHNa6yA8fUpkqJpUnFZPKGxVPVKaKb1L5RMUnKp6oTBVPVKaKSeVJxScOa13ksNZFDmtd5IcPVTypmFSeVLyh8qRiUpkqnqi8UTGpvKHyRsWk8obKE5W/dFjrIoe1LnJY6yI/fJnKGypvVDypmFSmim+qmFSmiicqU8UTlUllqphUJpU3KiaV33RY6yKHtS5yWOsiP3xZxROVqWJSmSomlaliUnlD5RMqU8Wk8qTijYonKn+p4psOa13ksNZFDmtd5IdfpjJVvKHyROVJxaTypOKJylTxTSpTxROVT1RMKk8qJpWp4hOHtS5yWOsih7Uu8sOHVKaKT1R8k8qTikllqpgqJpU3Kt5QmSqeVEwqT1SeqDyp+KbDWhc5rHWRw1oX+eGXVUwqTyomlaniicpUMam8oXKzikllqniiMlVMKlPFbzqsdZHDWhc5rHUR+4cPqHyi4g2VqeKJyhsVb6h8U8UTlScVk8o3Vfymw1oXOax1kcNaF/nhQxVvqLyh8omKJyqTyhsVk8onVJ5UTCpvVEwqNzmsdZHDWhc5rHWRHz6kMlU8qXij4onKVPGJikllqnijYlJ5o+JJxaQyVUwqU8WkMlVMKlPFNx3WushhrYsc1rrIDx+qmFSmiknlScWkMlVMFZPKGxV/qeINlScVb1RMKlPFpPJEZar4xGGtixzWushhrYvYP3xA5RMVb6hMFZPKJyqeqDypeKIyVUwqU8WkMlU8UXlScZPDWhc5rHWRw1oXsX/4IpXfVPFEZaqYVJ5UfJPKGxVvqEwVk8pU8UTljYpvOqx1kcNaFzmsdZEfPqQyVUwqb1Q8UXlD5RMqTyomlScVn1CZKiaVqeKJyhsVk8pU8YnDWhc5rHWRw1oX+eFDFb9J5TdVvFExqUwVn1D5JpWpYqqYVJ6o/KbDWhc5rHWRw1oX+eHLVKaKSWWqmFSmir+kMlW8oTJVTCpTxVQxqXyTylTxpGJSmSq+6bDWRQ5rXeSw1kXsHz6gMlVMKlPFpPJNFZPKk4o3VKaKSWWqeKLypGJS+U0VT1Smim86rHWRw1oXOax1EfuH/zCVqWJSmSomlScVT1SeVDxRmSreUJkq3lB5UjGpPKn4xGGtixzWushhrYv88CGVv1TxTRWTyqTyRsUTlaniiconVKaKJxVPKiaVbzqsdZHDWhc5rHWRH76s4ptU3lCZKiaVT1RMKm9UTCpvVEwqTyo+oTJV/KbDWhc5rHWRw1oX+eGXqbxR8UbFE5Wp4hMqU8WkMlW8UfEJlU+oPFGZKr7psNZFDmtd5LDWRX74j1N5UvGGypOKJxWTyhsqU8Wk8qTim1T+0mGtixzWushhrYv88P+cyicqPlExqUwVk8obFZPKVDGpPKmYKv7SYa2LHNa6yGGti/zwyyp+U8UTlScVk8qk8omKNyo+UfGk4ptUpopPHNa6yGGtixzWuoj9wwdU/lLFpDJVPFF5o2JSmSomlScVk8pvqniiMlX8XzqsdZHDWhc5rHUR+4e1LnFY6yKHtS5yWOsih7UucljrIoe1LnJY6yKHtS5yWOsih7UucljrIoe1LnJY6yKHtS5yWOsi/wMw9/danaqZPgAAAABJRU5ErkJggg=='),
(117, 35, 4, 1, 'data:image/png;base64,iVBORw0KGgoAAAANSUhEUgAAAKQAAACkCAYAAAAZtYVBAAAAAklEQVR4AewaftIAAAYiSURBVO3BQW4ky5LAQDKg+1+Z00tfJZCokib+g5vZP6x1icNaFzmsdZHDWhc5rHWRw1oXOax1kcNaFzmsdZHDWhc5rHWRw1oXOax1kcNaFzmsdZHDWhf54UMqf6niicqTiknlScWk8psqvknlL1V84rDWRQ5rXeSw1kV++LKKb1J5o2JSeVIxqUwqU8UTlaliUpkqnqi8UfGk4ptUvumw1kUOa13ksNZFfvhlKm9UvKHypGJSeaNiUnlD5YnKVDFVTCpTxSdU3qj4TYe1LnJY6yKHtS7yw39MxRsVT1Smikllqnii8kTlDZWp4n/ZYa2LHNa6yGGti/zwH6fyROVJxaQyVUwqTyqeqEwVT1T+Sw5rXeSw1kUOa13kh19W8ZdUpoo3VN5Q+YTKVDGpTBXfVHGTw1oXOax1kcNaF/nhy1T+P1VMKlPFpDJVTCpTxaQyVUwqN1G52WGtixzWushhrYv88KGKm6hMFW+oTBWTylQxqbxR8Zsq/pcc1rrIYa2LHNa6yA8fUpkqJpVvqpgqJpWbVLyh8kTlDZVvqvhNh7UucljrIoe1LmL/8IdUpopPqEwVT1Smiicqb1RMKk8qJpU3KiaVJxWTyjdVfOKw1kUOa13ksNZF7B8+oDJVvKHyRsUTlU9UfJPKVPFEZar4TSpTxaTypOKbDmtd5LDWRQ5rXeSHD1VMKlPFGxXfVPEJlanijYpPqEwVk8pUMalMFVPFpPKk4jcd1rrIYa2LHNa6yA8fUnmiMlVMFZPKb1J5UjFVTCpTxROVJxVPKt5QeaIyVTypeKIyVXzisNZFDmtd5LDWRewffpHKk4o3VKaKSWWqeKLyTRVvqEwVk8qTik+oTBVPVJ5UfOKw1kUOa13ksNZFfvgylW9SmSqeVEwqU8VU8URlqniiMlVMKlPFk4onKlPFE5Wp4hMV33RY6yKHtS5yWOsi9g8fUHlSMalMFW+oPKmYVN6oeEPlmyqeqDypmFS+qeI3Hda6yGGtixzWuoj9wwdUpopJZap4ovKkYlJ5UjGpTBWTylTxTSpTxROVJxVvqDypeENlqvjEYa2LHNa6yGGti9g/fJHKVDGpPKl4ovKkYlKZKp6o/KaKSWWqmFSmikllqnhD5Y2K33RY6yKHtS5yWOsi9g9/SGWqeKIyVbyh8qTiicpU8URlqviEypOKSWWqeKIyVUwqb1R84rDWRQ5rXeSw1kV++JDKVPGk4onKVDGpfKLim1SeqLxRMVU8UZkq3qiYVJ5UTCrfdFjrIoe1LnJY6yL2D1+k8qRiUpkqJpU3Kp6oTBWTyicq3lB5o+KJyjdV/KXDWhc5rHWRw1oX+eFDKlPFN1W8oTJVPFGZKp6oTBWTypOKqeINlaniScUTlScqU8WkMlV84rDWRQ5rXeSw1kV++GMqT1TeqJgqJpUnFZ9Q+YTKVDGpTBWTyhsqU8UbKlPFNx3WushhrYsc1rrID3+sYlJ5UjGpTCr/nyomlTcqJpWpYlJ5UjGpTBWTyhsVv+mw1kUOa13ksNZFfricylQxqUwVk8pU8Zcqnqh8k8oTlScVT1Smim86rHWRw1oXOax1kR8+VPGJim9SeaIyVTxReaIyVUwqU8VUMal8ouINlScqf+mw1kUOa13ksNZFfviQyl+qmCqeqEwVk8obFf9LVKaKb1KZKj5xWOsih7UucljrIj98WcU3qTxRmSqeqDypmFSeqEwVU8UTlScqU8Wk8qTimyomlW86rHWRw1oXOax1kR9+mcobFX+p4hMVT1SmiqliUpkqJpUnKt9UMan8psNaFzmsdZHDWhf54T+u4ptUnlRMFU9UpopJ5UnFpDJVTCqfqPhNh7UucljrIoe1LvLDf4zKk4pJ5UnFN6lMFZPKVDGp/Jcd1rrIYa2LHNa6yA+/rOI3VUwqT1S+SWWqmFSeqLxRMalMFZPKk4pJ5UnFbzqsdZHDWhc5rHWRH75M5S+pfKLim1SmiknlScUTlaniScWk8qRiUplUpopvOqx1kcNaFzmsdRH7h7UucVjrIoe1LnJY6yKHtS5yWOsih7UucljrIoe1LnJY6yKHtS5yWOsih7UucljrIoe1LnJY6yL/B1nm/FvibZBsAAAAAElFTkSuQmCC');

-- --------------------------------------------------------

--
-- Struktur dari tabel `variats`
--

CREATE TABLE `variats` (
  `id` int NOT NULL,
  `cafe_id` int DEFAULT NULL,
  `id_menu` int DEFAULT NULL,
  `label` varchar(50) COLLATE utf8mb4_general_ci DEFAULT NULL,
  `harga` int DEFAULT NULL
) ENGINE=InnoDB DEFAULT CHARSET=utf8mb4 COLLATE=utf8mb4_general_ci;

--
-- Dumping data untuk tabel `variats`
--

INSERT INTO `variats` (`id`, `cafe_id`, `id_menu`, `label`, `harga`) VALUES
(3, 36, 44, 'pedas', 1000);

--
-- Indeks untuk tabel yang dibuang
--

--
-- Indeks untuk tabel `admins`
--
ALTER TABLE `admins`
  ADD PRIMARY KEY (`id`),
  ADD UNIQUE KEY `username` (`username`),
  ADD UNIQUE KEY `email` (`email`),
  ADD UNIQUE KEY `cafe_id` (`cafe_id`);

--
-- Indeks untuk tabel `bank_transfer`
--
ALTER TABLE `bank_transfer`
  ADD PRIMARY KEY (`id`),
  ADD KEY `cafe_id` (`cafe_id`);

--
-- Indeks untuk tabel `cafe`
--
ALTER TABLE `cafe`
  ADD PRIMARY KEY (`id`),
  ADD UNIQUE KEY `nama_cafe` (`nama_cafe`);

--
-- Indeks untuk tabel `ewalet`
--
ALTER TABLE `ewalet`
  ADD PRIMARY KEY (`id`),
  ADD KEY `cafe_id` (`cafe_id`);

--
-- Indeks untuk tabel `kasirs`
--
ALTER TABLE `kasirs`
  ADD PRIMARY KEY (`id`),
  ADD KEY `cafe_id` (`cafe_id`);

--
-- Indeks untuk tabel `kategoris`
--
ALTER TABLE `kategoris`
  ADD PRIMARY KEY (`id`),
  ADD KEY `cafe_id` (`cafe_id`);

--
-- Indeks untuk tabel `menus`
--
ALTER TABLE `menus`
  ADD PRIMARY KEY (`id`),
  ADD KEY `id_kategori` (`id_kategori`),
  ADD KEY `cafe_id` (`cafe_id`);

--
-- Indeks untuk tabel `orders`
--
ALTER TABLE `orders`
  ADD PRIMARY KEY (`id`),
  ADD KEY `idx_cafe_id` (`cafe_id`),
  ADD KEY `idx_meja` (`meja`),
  ADD KEY `idx_status` (`status`),
  ADD KEY `idx_created` (`created_at`);

--
-- Indeks untuk tabel `order_items`
--
ALTER TABLE `order_items`
  ADD PRIMARY KEY (`id`),
  ADD KEY `idx_order_id` (`order_id`);

--
-- Indeks untuk tabel `pembayaran`
--
ALTER TABLE `pembayaran`
  ADD PRIMARY KEY (`id`),
  ADD KEY `cafe_id` (`cafe_id`);

--
-- Indeks untuk tabel `promo`
--
ALTER TABLE `promo`
  ADD PRIMARY KEY (`id`),
  ADD KEY `cafe_id` (`cafe_id`);

--
-- Indeks untuk tabel `qris`
--
ALTER TABLE `qris`
  ADD PRIMARY KEY (`id`),
  ADD KEY `cafe_id` (`cafe_id`);

--
-- Indeks untuk tabel `table_cafe`
--
ALTER TABLE `table_cafe`
  ADD PRIMARY KEY (`id`),
  ADD KEY `cafe_id` (`cafe_id`);

--
-- Indeks untuk tabel `variats`
--
ALTER TABLE `variats`
  ADD PRIMARY KEY (`id`),
  ADD KEY `id_menu` (`id_menu`),
  ADD KEY `cafe_id` (`cafe_id`);

--
-- AUTO_INCREMENT untuk tabel yang dibuang
--

--
-- AUTO_INCREMENT untuk tabel `admins`
--
ALTER TABLE `admins`
  MODIFY `id` int NOT NULL AUTO_INCREMENT, AUTO_INCREMENT=24;

--
-- AUTO_INCREMENT untuk tabel `bank_transfer`
--
ALTER TABLE `bank_transfer`
  MODIFY `id` int NOT NULL AUTO_INCREMENT, AUTO_INCREMENT=10;

--
-- AUTO_INCREMENT untuk tabel `cafe`
--
ALTER TABLE `cafe`
  MODIFY `id` int NOT NULL AUTO_INCREMENT, AUTO_INCREMENT=47;

--
-- AUTO_INCREMENT untuk tabel `ewalet`
--
ALTER TABLE `ewalet`
  MODIFY `id` int NOT NULL AUTO_INCREMENT, AUTO_INCREMENT=17;

--
-- AUTO_INCREMENT untuk tabel `kasirs`
--
ALTER TABLE `kasirs`
  MODIFY `id` int NOT NULL AUTO_INCREMENT, AUTO_INCREMENT=4;

--
-- AUTO_INCREMENT untuk tabel `kategoris`
--
ALTER TABLE `kategoris`
  MODIFY `id` int NOT NULL AUTO_INCREMENT, AUTO_INCREMENT=37;

--
-- AUTO_INCREMENT untuk tabel `menus`
--
ALTER TABLE `menus`
  MODIFY `id` int NOT NULL AUTO_INCREMENT, AUTO_INCREMENT=47;

--
-- AUTO_INCREMENT untuk tabel `order_items`
--
ALTER TABLE `order_items`
  MODIFY `id` int NOT NULL AUTO_INCREMENT, AUTO_INCREMENT=179;

--
-- AUTO_INCREMENT untuk tabel `pembayaran`
--
ALTER TABLE `pembayaran`
  MODIFY `id` int NOT NULL AUTO_INCREMENT, AUTO_INCREMENT=29;

--
-- AUTO_INCREMENT untuk tabel `promo`
--
ALTER TABLE `promo`
  MODIFY `id` int NOT NULL AUTO_INCREMENT, AUTO_INCREMENT=15;

--
-- AUTO_INCREMENT untuk tabel `qris`
--
ALTER TABLE `qris`
  MODIFY `id` int NOT NULL AUTO_INCREMENT, AUTO_INCREMENT=35;

--
-- AUTO_INCREMENT untuk tabel `table_cafe`
--
ALTER TABLE `table_cafe`
  MODIFY `id` int NOT NULL AUTO_INCREMENT, AUTO_INCREMENT=118;

--
-- AUTO_INCREMENT untuk tabel `variats`
--
ALTER TABLE `variats`
  MODIFY `id` int NOT NULL AUTO_INCREMENT, AUTO_INCREMENT=4;

--
-- Ketidakleluasaan untuk tabel pelimpahan (Dumped Tables)
--

--
-- Ketidakleluasaan untuk tabel `admins`
--
ALTER TABLE `admins`
  ADD CONSTRAINT `Relasi Admin` FOREIGN KEY (`cafe_id`) REFERENCES `cafe` (`id`) ON DELETE CASCADE ON UPDATE CASCADE;

--
-- Ketidakleluasaan untuk tabel `bank_transfer`
--
ALTER TABLE `bank_transfer`
  ADD CONSTRAINT `bank cafe` FOREIGN KEY (`cafe_id`) REFERENCES `cafe` (`id`);

--
-- Ketidakleluasaan untuk tabel `ewalet`
--
ALTER TABLE `ewalet`
  ADD CONSTRAINT `ewalet_ibfk_1` FOREIGN KEY (`cafe_id`) REFERENCES `cafe` (`id`);

--
-- Ketidakleluasaan untuk tabel `kasirs`
--
ALTER TABLE `kasirs`
  ADD CONSTRAINT `kasir to cafe` FOREIGN KEY (`cafe_id`) REFERENCES `cafe` (`id`) ON DELETE RESTRICT ON UPDATE RESTRICT;

--
-- Ketidakleluasaan untuk tabel `kategoris`
--
ALTER TABLE `kategoris`
  ADD CONSTRAINT `Kategori Cafe` FOREIGN KEY (`cafe_id`) REFERENCES `cafe` (`id`);

--
-- Ketidakleluasaan untuk tabel `menus`
--
ALTER TABLE `menus`
  ADD CONSTRAINT `Menu Cafe` FOREIGN KEY (`cafe_id`) REFERENCES `cafe` (`id`),
  ADD CONSTRAINT `Menu Kategori` FOREIGN KEY (`id_kategori`) REFERENCES `kategoris` (`id`);

--
-- Ketidakleluasaan untuk tabel `order_items`
--
ALTER TABLE `order_items`
  ADD CONSTRAINT `order_items_ibfk_1` FOREIGN KEY (`order_id`) REFERENCES `orders` (`id`) ON DELETE CASCADE;

--
-- Ketidakleluasaan untuk tabel `pembayaran`
--
ALTER TABLE `pembayaran`
  ADD CONSTRAINT `pembayaran cafe` FOREIGN KEY (`cafe_id`) REFERENCES `cafe` (`id`);

--
-- Ketidakleluasaan untuk tabel `promo`
--
ALTER TABLE `promo`
  ADD CONSTRAINT `promo cafe` FOREIGN KEY (`cafe_id`) REFERENCES `cafe` (`id`);

--
-- Ketidakleluasaan untuk tabel `qris`
--
ALTER TABLE `qris`
  ADD CONSTRAINT `qris cafe` FOREIGN KEY (`cafe_id`) REFERENCES `cafe` (`id`);

--
-- Ketidakleluasaan untuk tabel `table_cafe`
--
ALTER TABLE `table_cafe`
  ADD CONSTRAINT `table cafe` FOREIGN KEY (`cafe_id`) REFERENCES `cafe` (`id`);

--
-- Ketidakleluasaan untuk tabel `variats`
--
ALTER TABLE `variats`
  ADD CONSTRAINT `varian cafe` FOREIGN KEY (`cafe_id`) REFERENCES `cafe` (`id`),
  ADD CONSTRAINT `varian menu` FOREIGN KEY (`id_menu`) REFERENCES `menus` (`id`);
COMMIT;

/*!40101 SET CHARACTER_SET_CLIENT=@OLD_CHARACTER_SET_CLIENT */;
/*!40101 SET CHARACTER_SET_RESULTS=@OLD_CHARACTER_SET_RESULTS */;
/*!40101 SET COLLATION_CONNECTION=@OLD_COLLATION_CONNECTION */;
